datetime,close,high_^gspc,low_^gspc,open_^gspc,volume_^gspc,bandas_anom,if_anom,combined
2022-10-24,3797.340087890625,3810.739990234375,3741.64990234375,3762.010009765625,4747930000,False,False,False
2022-10-25,3859.110107421875,3862.85009765625,3799.43994140625,3799.43994140625,4843120000,False,False,False
2022-10-26,3830.60009765625,3886.14990234375,3824.070068359375,3825.969970703125,4817310000,False,False,False
2022-10-27,3807.300048828125,3859.949951171875,3803.7900390625,3834.68994140625,4687320000,False,False,False
2022-10-28,3901.06005859375,3905.419921875,3808.260009765625,3808.260009765625,4459410000,False,True,True
2022-10-31,3871.97998046875,3893.72998046875,3863.179931640625,3881.85009765625,4820620000,False,False,False
2022-11-01,3856.10009765625,3911.7900390625,3843.800048828125,3901.7900390625,4481210000,False,False,False
2022-11-02,3759.68994140625,3894.43994140625,3758.679931640625,3852.89990234375,4899000000,False,True,True
2022-11-03,3719.889892578125,3750.590087890625,3698.14990234375,3733.25,4625290000,False,False,False
2022-11-04,3770.550048828125,3796.340087890625,3708.840087890625,3766.97998046875,5400180000,False,False,False
2022-11-07,3806.800048828125,3813.949951171875,3764.699951171875,3780.7099609375,4341620000,False,False,False
2022-11-08,3828.110107421875,3859.39990234375,3786.280029296875,3817.02001953125,4607640000,False,False,False
2022-11-09,3748.570068359375,3818.199951171875,3744.219970703125,3810.93994140625,4645010000,False,True,True
2022-11-10,3956.3701171875,3958.330078125,3859.889892578125,3859.889892578125,5781260000,True,True,True
2022-11-11,3992.929931640625,4001.47998046875,3944.820068359375,3963.719970703125,5593310000,True,False,True
2022-11-14,3957.25,4008.969970703125,3956.39990234375,3977.969970703125,4561930000,False,False,False
2022-11-15,3991.72998046875,4028.840087890625,3953.169921875,4006.409912109375,5015310000,False,False,False
2022-11-16,3958.7900390625,3983.090087890625,3954.340087890625,3976.820068359375,4165320000,False,False,False
2022-11-17,3946.56005859375,3954.330078125,3906.5400390625,3919.260009765625,4051780000,False,False,False
2022-11-18,3965.340087890625,3979.889892578125,3935.97998046875,3966.389892578125,4037360000,False,False,False
2022-11-21,3949.93994140625,3962.0,3933.340087890625,3956.22998046875,3850690000,False,False,False
2022-11-22,4003.580078125,4005.8798828125,3956.8798828125,3965.510009765625,3887990000,False,False,False
2022-11-23,4027.260009765625,4033.780029296875,3998.659912109375,4000.300048828125,3279720000,False,False,False
2022-11-25,4026.1201171875,4034.02001953125,4020.760009765625,4023.340087890625,1706460000,False,False,False
2022-11-28,3963.93994140625,4012.27001953125,3955.77001953125,4005.360107421875,3615430000,False,False,False
2022-11-29,3957.6298828125,3976.77001953125,3937.64990234375,3964.18994140625,3546040000,False,False,False
2022-11-30,4080.110107421875,4080.110107421875,3938.580078125,3957.179931640625,6579360000,False,True,True
2022-12-01,4076.570068359375,4100.509765625,4050.8701171875,4087.139892578125,4527130000,False,False,False
2022-12-02,4071.699951171875,4080.47998046875,4026.6298828125,4040.169921875,4012620000,False,False,False
2022-12-05,3998.840087890625,4052.449951171875,3984.489990234375,4052.02001953125,4280820000,False,True,True
2022-12-06,3941.260009765625,4001.510009765625,3918.389892578125,3996.6298828125,4368380000,False,False,False
2022-12-07,3933.919921875,3957.570068359375,3922.679931640625,3933.280029296875,4118050000,False,False,False
2022-12-08,3963.510009765625,3974.18994140625,3935.830078125,3947.7900390625,4006900000,False,False,False
2022-12-09,3934.3798828125,3977.02001953125,3933.0400390625,3954.169921875,3888260000,False,False,False
2022-12-12,3990.56005859375,3990.7099609375,3935.300048828125,3939.2900390625,3904130000,False,False,False
2022-12-13,4019.64990234375,4100.9599609375,3993.030029296875,4069.3798828125,5079360000,False,False,False
2022-12-14,3995.320068359375,4053.760009765625,3965.64990234375,4015.5400390625,4472340000,False,False,False
2022-12-15,3895.75,3958.3701171875,3879.449951171875,3958.3701171875,4493900000,False,True,True
2022-12-16,3852.360107421875,3890.909912109375,3827.909912109375,3890.909912109375,7493660000,True,False,True
2022-12-19,3817.659912109375,3854.860107421875,3800.0400390625,3853.7900390625,3969610000,True,False,True
2022-12-20,3821.6201171875,3838.239990234375,3795.6201171875,3810.469970703125,3985370000,False,False,False
2022-12-21,3878.43994140625,3889.820068359375,3839.489990234375,3839.489990234375,3775200000,False,False,False
2022-12-22,3822.389892578125,3853.260009765625,3764.489990234375,3853.260009765625,3956950000,False,False,False
2022-12-23,3844.820068359375,3845.800048828125,3797.010009765625,3815.110107421875,2819280000,False,False,False
2022-12-27,3829.25,3846.64990234375,3813.219970703125,3843.340087890625,3030300000,False,False,False
2022-12-28,3783.219970703125,3848.320068359375,3780.780029296875,3829.56005859375,3083520000,False,False,False
2022-12-29,3849.280029296875,3858.18994140625,3805.449951171875,3805.449951171875,3003680000,False,False,False
2022-12-30,3839.5,3839.85009765625,3800.340087890625,3829.06005859375,2979870000,False,False,False
2023-01-03,3824.139892578125,3878.4599609375,3794.330078125,3853.2900390625,3959140000,False,False,False
2023-01-04,3852.969970703125,3873.159912109375,3815.77001953125,3840.360107421875,4414080000,False,False,False
2023-01-05,3808.10009765625,3839.739990234375,3802.419921875,3839.739990234375,3893450000,False,False,False
2023-01-06,3895.080078125,3906.18994140625,3809.56005859375,3823.3701171875,3923560000,False,True,True
2023-01-09,3892.090087890625,3950.570068359375,3890.419921875,3910.820068359375,4311770000,False,False,False
2023-01-10,3919.25,3919.830078125,3877.2900390625,3888.570068359375,3851030000,False,False,False
2023-01-11,3969.610107421875,3970.070068359375,3928.5400390625,3932.35009765625,4303360000,False,False,False
2023-01-12,3983.169921875,3997.760009765625,3937.56005859375,3977.570068359375,4440260000,False,False,False
2023-01-13,3999.090087890625,4003.949951171875,3947.669921875,3960.60009765625,3939700000,True,False,True
2023-01-17,3990.969970703125,4015.389892578125,3984.570068359375,3999.280029296875,4235560000,False,False,False
2023-01-18,3928.860107421875,4014.159912109375,3926.590087890625,4002.25,4298710000,False,False,False
2023-01-19,3898.85009765625,3922.93994140625,3885.5400390625,3911.840087890625,3991500000,False,False,False
2023-01-20,3972.610107421875,3972.9599609375,3897.860107421875,3909.0400390625,4013360000,False,True,True
2023-01-23,4019.81005859375,4039.31005859375,3971.639892578125,3978.139892578125,3945210000,False,False,False
2023-01-24,4016.949951171875,4023.919921875,3989.7900390625,4001.739990234375,3320430000,False,False,False
2023-01-25,4016.219970703125,4019.550048828125,3949.06005859375,3982.7099609375,3724020000,False,False,False
2023-01-26,4060.429931640625,4061.570068359375,4013.2900390625,4036.080078125,3809590000,False,False,False
2023-01-27,4070.56005859375,4094.2099609375,4048.699951171875,4053.719970703125,3907760000,False,False,False
2023-01-30,4017.77001953125,4063.85009765625,4015.550048828125,4049.27001953125,3802000000,False,False,False
2023-01-31,4076.60009765625,4077.159912109375,4020.43994140625,4020.85009765625,4679320000,False,False,False
2023-02-01,4119.2099609375,4148.9501953125,4037.199951171875,4070.070068359375,4856930000,False,False,False
2023-02-02,4179.759765625,4195.43994140625,4141.8798828125,4158.68017578125,5624360000,True,False,True
2023-02-03,4136.47998046875,4182.35986328125,4123.35986328125,4136.68994140625,4694510000,False,False,False
2023-02-06,4111.080078125,4124.6298828125,4093.3798828125,4119.56982421875,4114240000,False,False,False
2023-02-07,4164.0,4176.5400390625,4088.389892578125,4105.35009765625,4355860000,False,False,False
2023-02-08,4117.85986328125,4156.85009765625,4111.669921875,4153.47021484375,4029820000,False,False,False
2023-02-09,4081.5,4156.22998046875,4069.669921875,4144.25,4270200000,False,False,False
2023-02-10,4090.4599609375,4094.360107421875,4060.7900390625,4068.919921875,3891520000,False,False,False
2023-02-13,4137.2900390625,4138.89990234375,4092.669921875,4096.6201171875,3448620000,False,False,False
2023-02-14,4136.1298828125,4159.77001953125,4095.010009765625,4126.7001953125,3929200000,False,False,False
2023-02-15,4147.60009765625,4148.10986328125,4103.97998046875,4119.5,4075980000,False,False,False
2023-02-16,4090.409912109375,4136.5400390625,4089.489990234375,4114.75,4143660000,False,False,False
2023-02-17,4079.090087890625,4081.510009765625,4047.949951171875,4077.389892578125,4045480000,False,False,False
2023-02-21,3997.340087890625,4052.35009765625,3995.18994140625,4052.35009765625,4121590000,False,True,True
2023-02-22,3991.050048828125,4017.3701171875,3976.89990234375,4001.830078125,4079320000,False,False,False
2023-02-23,4012.320068359375,4028.300048828125,3969.18994140625,4018.60009765625,3952940000,False,False,False
2023-02-24,3970.0400390625,3978.25,3943.080078125,3973.239990234375,3877700000,False,False,False
2023-02-27,3982.239990234375,4018.050048828125,3973.550048828125,3992.360107421875,3836950000,False,False,False
2023-02-28,3970.14990234375,3997.5,3968.97998046875,3977.18994140625,5043400000,False,False,False
2023-03-01,3951.389892578125,3971.72998046875,3939.050048828125,3963.340087890625,4249480000,False,False,False
2023-03-02,3981.35009765625,3990.840087890625,3928.159912109375,3938.679931640625,4244900000,False,False,False
2023-03-03,4045.639892578125,4048.2900390625,3995.169921875,3998.02001953125,4084730000,False,False,False
2023-03-06,4048.419921875,4078.489990234375,4044.610107421875,4055.14990234375,4000870000,False,False,False
2023-03-07,3986.3701171875,4050.0,3980.31005859375,4048.260009765625,3922500000,False,False,False
2023-03-08,3992.010009765625,4000.409912109375,3969.760009765625,3987.550048828125,3535570000,False,False,False
2023-03-09,3918.320068359375,4017.81005859375,3908.699951171875,3998.659912109375,4445260000,False,True,True
2023-03-10,3861.590087890625,3934.050048828125,3846.320068359375,3912.77001953125,5518190000,True,False,True
2023-03-13,3855.760009765625,3905.050048828125,3808.860107421875,3835.1201171875,6558020000,False,False,False
2023-03-14,3919.2900390625,3937.2900390625,3873.6298828125,3894.010009765625,5665870000,False,False,False
2023-03-15,3891.929931640625,3894.260009765625,3838.239990234375,3876.739990234375,6594010000,False,False,False
2023-03-16,3960.280029296875,3964.4599609375,3864.110107421875,3878.929931640625,5695790000,False,False,False
2023-03-17,3916.639892578125,3958.909912109375,3901.27001953125,3958.68994140625,9354280000,False,False,False
2023-03-20,3951.570068359375,3956.6201171875,3916.889892578125,3917.469970703125,5347140000,False,False,False
2023-03-21,4002.8701171875,4009.080078125,3971.18994140625,3975.889892578125,4920240000,False,False,False
2023-03-22,3936.969970703125,4039.489990234375,3936.169921875,4002.0400390625,4533010000,False,False,False
2023-03-23,3948.719970703125,4007.659912109375,3919.050048828125,3959.2099609375,4991600000,False,False,False
2023-03-24,3970.989990234375,3972.739990234375,3909.159912109375,3939.2099609375,4583970000,False,False,False
2023-03-27,3977.530029296875,4003.830078125,3970.489990234375,3982.929931640625,4233540000,False,False,False
2023-03-28,3971.27001953125,3979.199951171875,3951.530029296875,3974.1298828125,4014600000,False,False,False
2023-03-29,4027.81005859375,4030.590087890625,3999.530029296875,3999.530029296875,4145250000,False,False,False
2023-03-30,4050.830078125,4057.85009765625,4032.10009765625,4046.739990234375,3930860000,False,False,False
2023-03-31,4109.31005859375,4110.75,4056.179931640625,4056.179931640625,4525120000,True,False,True
2023-04-03,4124.509765625,4127.66015625,4098.7900390625,4102.2001953125,4234700000,True,False,True
2023-04-04,4100.60009765625,4133.1298828125,4086.8701171875,4128.02978515625,4227800000,False,False,False
2023-04-05,4090.3798828125,4099.68994140625,4072.56005859375,4094.5,3968020000,False,False,False
2023-04-06,4105.02001953125,4107.31982421875,4069.840087890625,4081.14990234375,3486690000,False,False,False
2023-04-10,4109.10986328125,4109.5,4072.550048828125,4085.199951171875,3423650000,False,False,False
2023-04-11,4108.93994140625,4124.259765625,4102.60986328125,4110.2900390625,3665830000,False,False,False
2023-04-12,4091.949951171875,4134.3701171875,4086.93994140625,4121.72021484375,3633120000,False,False,False
2023-04-13,4146.22021484375,4150.259765625,4099.39990234375,4100.0400390625,3596590000,False,False,False
2023-04-14,4137.64013671875,4163.18994140625,4113.2001953125,4140.10986328125,3575690000,False,False,False
2023-04-17,4151.31982421875,4151.72021484375,4123.18017578125,4137.169921875,3611180000,False,False,False
2023-04-18,4154.8701171875,4169.47998046875,4140.35986328125,4164.259765625,3536640000,False,False,False
2023-04-19,4154.52001953125,4162.56982421875,4134.490234375,4139.330078125,3572560000,False,False,False
2023-04-20,4129.7900390625,4148.56982421875,4114.56982421875,4130.47998046875,3772080000,False,False,False
2023-04-21,4133.52001953125,4138.02001953125,4113.85986328125,4132.14013671875,3611750000,False,False,False
2023-04-24,4137.0400390625,4142.41015625,4117.77001953125,4132.06982421875,3290940000,False,False,False
2023-04-25,4071.6298828125,4126.43017578125,4071.3798828125,4126.43017578125,3978640000,False,False,False
2023-04-26,4055.989990234375,4089.669921875,4049.35009765625,4087.780029296875,3837030000,False,False,False
2023-04-27,4135.35009765625,4138.240234375,4075.2900390625,4075.2900390625,3750550000,False,True,True
2023-04-28,4169.47998046875,4170.06005859375,4127.18017578125,4129.6298828125,4087800000,False,False,False
2023-05-01,4167.8701171875,4186.919921875,4164.1201171875,4166.7900390625,3321370000,False,False,False
2023-05-02,4119.580078125,4164.10009765625,4089.719970703125,4164.10009765625,4486130000,False,False,False
2023-05-03,4090.75,4148.2998046875,4088.860107421875,4122.25,4246510000,False,False,False
2023-05-04,4061.219970703125,4082.610107421875,4048.280029296875,4082.550048828125,4920090000,False,False,False
2023-05-05,4136.25,4147.02001953125,4084.72998046875,4084.72998046875,4186270000,False,True,True
2023-05-08,4138.1201171875,4142.2998046875,4123.81005859375,4136.97998046875,3641640000,False,False,False
2023-05-09,4119.169921875,4130.35009765625,4116.64990234375,4124.25,3810140000,False,False,False
2023-05-10,4137.64013671875,4154.27978515625,4098.919921875,4143.740234375,4057160000,False,False,False
2023-05-11,4130.6201171875,4132.7998046875,4109.2900390625,4132.240234375,3752900000,False,False,False
2023-05-12,4124.080078125,4143.740234375,4099.1201171875,4138.5400390625,3533740000,False,False,False
2023-05-15,4136.27978515625,4141.25,4110.27001953125,4126.64990234375,3562170000,False,False,False
2023-05-16,4109.89990234375,4135.5400390625,4109.85986328125,4127.9501953125,3654200000,False,False,False
2023-05-17,4158.77001953125,4164.669921875,4113.6201171875,4122.85009765625,4039080000,False,False,False
2023-05-18,4198.0498046875,4202.2001953125,4153.5,4157.68017578125,3980500000,False,False,False
2023-05-19,4191.97998046875,4212.91015625,4180.2001953125,4204.14990234375,4041900000,False,False,False
2023-05-22,4192.6298828125,4209.22021484375,4179.68017578125,4190.77978515625,3728520000,False,False,False
2023-05-23,4145.580078125,4185.68017578125,4142.5400390625,4176.7998046875,4155320000,False,False,False
2023-05-24,4115.240234375,4132.9599609375,4103.97998046875,4132.9599609375,0,False,False,False
2023-05-25,4151.27978515625,4165.740234375,4129.72998046875,4155.7099609375,4147760000,False,False,False
2023-05-26,4205.4501953125,4212.8701171875,4156.16015625,4156.16015625,3715460000,False,False,False
2023-05-30,4205.52001953125,4231.10009765625,4192.18017578125,4226.7099609375,4228510000,False,False,False
2023-05-31,4179.830078125,4195.43994140625,4166.14990234375,4190.740234375,5980670000,False,False,False
2023-06-01,4221.02001953125,4232.43017578125,4171.64013671875,4183.02978515625,4391860000,False,False,False
2023-06-02,4282.3701171875,4290.669921875,4241.009765625,4241.009765625,4454200000,True,False,True
2023-06-05,4273.7900390625,4299.27978515625,4266.81982421875,4282.990234375,3813290000,True,False,True
2023-06-06,4283.85009765625,4288.330078125,4263.08984375,4271.33984375,3996560000,False,False,False
2023-06-07,4267.52001953125,4299.18994140625,4263.9599609375,4285.47021484375,4537800000,False,False,False
2023-06-08,4293.93017578125,4298.009765625,4261.06982421875,4268.68994140625,3826740000,False,False,False
2023-06-09,4298.85986328125,4322.6201171875,4291.7001953125,4304.8798828125,3786510000,False,False,False
2023-06-12,4338.93017578125,4340.1298828125,4304.3701171875,4308.31982421875,3945670000,False,False,False
2023-06-13,4369.009765625,4375.3701171875,4349.31005859375,4352.60986328125,4275400000,False,False,False
2023-06-14,4372.58984375,4391.81982421875,4337.85009765625,4366.2900390625,4252110000,False,False,False
2023-06-15,4425.83984375,4439.2001953125,4362.60009765625,4365.330078125,4176690000,True,False,True
2023-06-16,4409.58984375,4448.47021484375,4407.43994140625,4440.9501953125,6848600000,False,False,False
2023-06-20,4388.7099609375,4400.14990234375,4367.18994140625,4396.10986328125,4055790000,False,False,False
2023-06-21,4365.68994140625,4386.22021484375,4360.14013671875,4380.009765625,3709330000,False,False,False
2023-06-22,4381.89013671875,4382.25,4351.81982421875,4355.39990234375,3511000000,False,False,False
2023-06-23,4348.330078125,4366.5498046875,4341.33984375,4354.169921875,6053620000,False,False,False
2023-06-26,4328.81982421875,4362.06005859375,4328.080078125,4344.83984375,3415030000,False,False,False
2023-06-27,4378.41015625,4384.419921875,4335.0,4337.35986328125,3573500000,False,False,False
2023-06-28,4376.85986328125,4390.35009765625,4360.22021484375,4367.47998046875,3739330000,False,False,False
2023-06-29,4396.43994140625,4398.39013671875,4371.97021484375,4374.93994140625,3696660000,False,False,False
2023-06-30,4450.3798828125,4458.47998046875,4422.43994140625,4422.43994140625,3923450000,False,False,False
2023-07-03,4455.58984375,4456.4599609375,4442.2900390625,4450.47998046875,2034280000,False,False,False
2023-07-05,4446.81982421875,4454.06005859375,4436.60986328125,4442.0400390625,3482620000,False,False,False
2023-07-06,4411.58984375,4422.6201171875,4385.0498046875,4422.6201171875,3682020000,False,False,False
2023-07-07,4398.9501953125,4440.39013671875,4397.39990234375,4404.5400390625,3630480000,False,False,False
2023-07-10,4409.52978515625,4412.60009765625,4389.919921875,4394.22998046875,3429600000,False,False,False
2023-07-11,4439.259765625,4443.64013671875,4408.4599609375,4415.5498046875,3624220000,False,False,False
2023-07-12,4472.16015625,4488.33984375,4463.22998046875,4467.68994140625,3920290000,False,False,False
2023-07-13,4510.0400390625,4517.3798828125,4489.35986328125,4491.5,3839530000,True,False,True
2023-07-14,4505.419921875,4527.759765625,4499.56005859375,4514.60986328125,3647450000,False,False,False
2023-07-17,4522.7900390625,4532.85009765625,4504.89990234375,4508.85986328125,3538240000,False,False,False
2023-07-18,4554.97998046875,4562.2998046875,4514.58984375,4521.77978515625,4090010000,True,False,True
2023-07-19,4565.72021484375,4578.43017578125,4557.47998046875,4563.8701171875,4115670000,False,False,False
2023-07-20,4534.8701171875,4564.740234375,4527.56005859375,4554.3798828125,3761770000,False,False,False
2023-07-21,4536.33984375,4555.0,4535.7900390625,4550.16015625,3570190000,False,False,False
2023-07-24,4554.64013671875,4563.41015625,4541.2900390625,4543.39013671875,3856250000,False,False,False
2023-07-25,4567.4599609375,4580.6201171875,4552.419921875,4555.18994140625,3812470000,False,False,False
2023-07-26,4566.75,4582.47021484375,4547.580078125,4558.9599609375,3990290000,False,False,False
2023-07-27,4537.41015625,4607.06982421875,4528.56005859375,4598.259765625,4553210000,False,False,False
2023-07-28,4582.22998046875,4590.16015625,4564.009765625,4565.75,3981010000,False,False,False
2023-07-31,4588.9599609375,4594.22021484375,4573.14013671875,4584.81982421875,4503600000,False,False,False
2023-08-01,4576.72998046875,4584.6201171875,4567.52978515625,4578.830078125,4042370000,False,False,False
2023-08-02,4513.39013671875,4550.93017578125,4505.75,4550.93017578125,4270710000,False,False,False
2023-08-03,4501.89013671875,4519.490234375,4485.5400390625,4494.27001953125,4149120000,False,False,False
2023-08-04,4478.02978515625,4540.33984375,4474.5498046875,4513.9599609375,4143310000,False,False,False
2023-08-07,4518.43994140625,4519.83984375,4491.14990234375,4491.580078125,3493920000,False,False,False
2023-08-08,4499.3798828125,4503.31005859375,4464.39013671875,4498.02978515625,3884910000,False,False,False
2023-08-09,4467.7099609375,4502.43994140625,4461.330078125,4501.56982421875,3803100000,False,False,False
2023-08-10,4468.830078125,4527.3701171875,4457.919921875,4487.16015625,4504370000,False,False,False
2023-08-11,4464.0498046875,4476.22998046875,4443.97998046875,4450.68994140625,3753290000,False,False,False
2023-08-14,4489.72021484375,4490.330078125,4453.43994140625,4458.1298828125,3896410000,False,False,False
2023-08-15,4437.85986328125,4478.8701171875,4432.18994140625,4478.8701171875,3832250000,False,False,False
2023-08-16,4404.330078125,4449.9501953125,4403.5498046875,4433.7900390625,3753910000,True,False,True
2023-08-17,4370.35986328125,4421.169921875,4364.830078125,4416.31982421875,3943700000,True,False,True
2023-08-18,4369.7099609375,4381.81982421875,4335.31005859375,4344.8798828125,3940400000,False,False,False
2023-08-21,4399.77001953125,4407.5498046875,4360.2998046875,4380.27978515625,3726850000,False,False,False
2023-08-22,4387.5498046875,4418.58984375,4382.77001953125,4415.330078125,3522760000,False,False,False
2023-08-23,4436.009765625,4443.18017578125,4396.43994140625,4396.43994140625,3837270000,False,False,False
2023-08-24,4376.31005859375,4458.2998046875,4375.5498046875,4455.16015625,3723470000,False,False,False
2023-08-25,4405.7099609375,4418.4599609375,4356.2900390625,4389.3798828125,3296180000,False,False,False
2023-08-28,4433.31005859375,4439.56005859375,4414.97998046875,4426.02978515625,2957230000,False,False,False
2023-08-29,4497.6298828125,4500.14013671875,4431.68017578125,4432.75,3354820000,False,False,False
2023-08-30,4514.8701171875,4521.64990234375,4493.58984375,4500.33984375,3064110000,False,False,False
2023-08-31,4507.66015625,4532.259765625,4507.39013671875,4517.009765625,3946360000,False,False,False
2023-09-01,4515.77001953125,4541.25,4501.35009765625,4530.60009765625,3246260000,False,False,False
2023-09-05,4496.830078125,4514.2900390625,4496.009765625,4510.06005859375,3526250000,False,False,False
2023-09-06,4465.47998046875,4490.35009765625,4442.3798828125,4490.35009765625,3418850000,False,False,False
2023-09-07,4451.14013671875,4457.81005859375,4430.4599609375,4434.5498046875,3763760000,False,False,False
2023-09-08,4457.490234375,4473.52978515625,4448.3798828125,4451.2998046875,3259290000,False,False,False
2023-09-11,4487.4599609375,4490.77001953125,4467.89013671875,4480.97998046875,3369920000,False,False,False
2023-09-12,4461.89990234375,4487.10986328125,4456.830078125,4473.27001953125,3435740000,False,False,False
2023-09-13,4467.43994140625,4479.39013671875,4453.52001953125,4462.64990234375,3529430000,False,False,False
2023-09-14,4505.10009765625,4511.990234375,4478.68994140625,4487.77978515625,3648720000,False,False,False
2023-09-15,4450.31982421875,4497.97998046875,4447.2099609375,4497.97998046875,6932230000,False,False,False
2023-09-18,4453.52978515625,4466.35986328125,4442.10986328125,4445.1298828125,3161230000,False,False,False
2023-09-19,4443.9501953125,4449.85009765625,4416.60986328125,4445.41015625,3614880000,False,False,False
2023-09-20,4402.2001953125,4461.02978515625,4401.3798828125,4452.81005859375,3308450000,False,False,False
2023-09-21,4330.0,4375.7001953125,4329.169921875,4374.35986328125,3662340000,True,False,True
2023-09-22,4320.06005859375,4357.39990234375,4316.490234375,4341.740234375,3349570000,True,False,True
2023-09-25,4337.43994140625,4338.509765625,4302.7001953125,4310.6201171875,3195650000,False,False,False
2023-09-26,4273.52978515625,4313.009765625,4265.97998046875,4312.8798828125,3472340000,True,False,True
2023-09-27,4274.509765625,4292.06982421875,4238.6298828125,4282.6298828125,3875880000,False,False,False
2023-09-28,4299.7001953125,4317.27001953125,4264.3798828125,4269.64990234375,3846230000,False,False,False
2023-09-29,4288.0498046875,4333.14990234375,4274.85986328125,4328.18017578125,3865960000,False,False,False
2023-10-02,4288.39013671875,4300.580078125,4260.2099609375,4284.52001953125,3938660000,False,False,False
2023-10-03,4229.4501953125,4281.14990234375,4216.4501953125,4269.75,3953830000,False,False,False
2023-10-04,4263.75,4268.5,4220.47998046875,4233.830078125,3777600000,False,False,False
2023-10-05,4258.18994140625,4267.1298828125,4225.91015625,4259.31005859375,3581470000,False,False,False
2023-10-06,4308.5,4324.10009765625,4219.5498046875,4234.7900390625,3902030000,False,False,False
2023-10-09,4335.66015625,4341.72998046875,4283.7900390625,4289.02001953125,3174630000,False,False,False
2023-10-10,4358.240234375,4385.4599609375,4339.64013671875,4339.75,3520240000,False,False,False
2023-10-11,4376.9501953125,4378.64013671875,4345.33984375,4366.58984375,3601660000,False,False,False
2023-10-12,4349.60986328125,4385.85009765625,4325.43017578125,4380.93994140625,3713140000,False,False,False
2023-10-13,4327.77978515625,4377.10009765625,4311.97021484375,4360.490234375,3566560000,False,False,False
2023-10-16,4373.6298828125,4383.330078125,4342.3701171875,4342.3701171875,3409960000,False,False,False
2023-10-17,4373.2001953125,4393.56982421875,4337.5400390625,4345.22998046875,3794850000,False,False,False
2023-10-18,4314.60009765625,4364.2001953125,4303.83984375,4357.35009765625,3686030000,False,False,False
2023-10-19,4278.0,4339.5400390625,4269.68994140625,4321.35986328125,3969730000,False,False,False
2023-10-20,4224.16015625,4276.56005859375,4223.02978515625,4273.85009765625,4004030000,False,False,False
2023-10-23,4217.0400390625,4255.83984375,4189.22021484375,4210.39990234375,3776100000,False,False,False
2023-10-24,4247.68017578125,4259.3798828125,4219.43017578125,4235.7900390625,3821820000,False,False,False
2023-10-25,4186.77001953125,4232.419921875,4181.419921875,4232.419921875,3869370000,False,False,False
2023-10-26,4137.22998046875,4183.60009765625,4127.89990234375,4175.990234375,4277640000,True,False,True
2023-10-27,4117.3701171875,4156.7001953125,4103.77978515625,4152.93017578125,4019500000,True,False,True
2023-10-30,4166.81982421875,4177.47021484375,4132.93994140625,4139.39013671875,3911140000,False,False,False
2023-10-31,4193.7998046875,4195.5498046875,4153.1201171875,4171.330078125,4249470000,False,False,False
2023-11-01,4237.85986328125,4245.64013671875,4197.740234375,4201.27001953125,4224900000,False,False,False
2023-11-02,4317.77978515625,4319.72021484375,4268.259765625,4268.259765625,4669780000,False,True,True
2023-11-03,4358.33984375,4373.6201171875,4334.22998046875,4334.22998046875,4570960000,False,False,False
2023-11-06,4365.97998046875,4372.2099609375,4347.52978515625,4364.27001953125,3656340000,False,False,False
2023-11-07,4378.3798828125,4386.259765625,4355.41015625,4366.2099609375,3791230000,False,False,False
2023-11-08,4382.77978515625,4391.2001953125,4359.759765625,4384.3701171875,3729510000,False,False,False
2023-11-09,4347.35009765625,4393.39990234375,4343.93994140625,4391.41015625,3900780000,False,False,False
2023-11-10,4415.240234375,4418.02978515625,4353.33984375,4364.14990234375,3665080000,False,False,False
2023-11-13,4411.5498046875,4421.759765625,4393.81982421875,4406.66015625,3326240000,False,False,False
2023-11-14,4495.7001953125,4508.669921875,4458.97021484375,4458.97021484375,4700350000,False,True,True
2023-11-15,4502.8798828125,4521.169921875,4495.31005859375,4505.2998046875,4347170000,False,False,False
2023-11-16,4508.240234375,4511.990234375,4487.830078125,4497.080078125,3964520000,False,False,False
2023-11-17,4514.02001953125,4520.1201171875,4499.66015625,4509.5498046875,3777240000,False,False,False
2023-11-20,4547.3798828125,4557.10986328125,4510.35986328125,4511.7001953125,3644790000,False,False,False
2023-11-21,4538.18994140625,4542.14013671875,4525.509765625,4538.77001953125,3511080000,False,False,False
2023-11-22,4556.6201171875,4568.43017578125,4545.0498046875,4553.0400390625,3042810000,False,False,False
2023-11-24,4559.33984375,4560.31005859375,4552.7998046875,4555.83984375,1639500000,False,False,False
2023-11-27,4550.43017578125,4560.52001953125,4546.31982421875,4554.85986328125,3403990000,False,False,False
2023-11-28,4554.89013671875,4568.14013671875,4540.509765625,4545.5498046875,3586240000,False,False,False
2023-11-29,4550.580078125,4587.64013671875,4547.14990234375,4571.83984375,4418760000,False,False,False
2023-11-30,4567.7998046875,4569.89013671875,4537.240234375,4554.8701171875,5399300000,False,False,False
2023-12-01,4594.6298828125,4599.39013671875,4554.7099609375,4559.43017578125,4397120000,False,False,False
2023-12-04,4569.77978515625,4572.3701171875,4546.72021484375,4564.3701171875,4369910000,False,False,False
2023-12-05,4567.18017578125,4578.56005859375,4551.68017578125,4557.25,3909950000,False,False,False
2023-12-06,4549.33984375,4590.740234375,4546.5,4586.22998046875,4245680000,False,False,False
2023-12-07,4585.58984375,4590.919921875,4565.22021484375,4568.83984375,3818880000,False,False,False
2023-12-08,4604.3701171875,4609.22998046875,4574.06005859375,4576.2001953125,3707010000,False,False,False
2023-12-11,4622.43994140625,4623.7099609375,4593.39013671875,4593.39013671875,3823210000,False,False,False
2023-12-12,4643.7001953125,4643.93017578125,4608.08984375,4618.2998046875,3808380000,True,False,True
2023-12-13,4707.08984375,4709.68994140625,4643.22998046875,4646.2001953125,5063650000,True,False,True
2023-12-14,4719.5498046875,4738.56982421875,4694.33984375,4721.0400390625,6314040000,True,False,True
2023-12-15,4719.18994140625,4725.52978515625,4704.68994140625,4714.22998046875,8218980000,True,False,True
2023-12-18,4740.56005859375,4749.52001953125,4725.580078125,4725.580078125,4060340000,True,False,True
2023-12-19,4768.3701171875,4768.68994140625,4743.72021484375,4743.72021484375,4026970000,True,False,True
2023-12-20,4698.35009765625,4778.009765625,4697.81982421875,4764.72998046875,4201320000,False,False,False
2023-12-21,4746.75,4748.7099609375,4708.35009765625,4724.2900390625,3431180000,False,False,False
2023-12-22,4754.6298828125,4772.93994140625,4736.77001953125,4753.919921875,3046770000,False,False,False
2023-12-26,4774.75,4784.72021484375,4758.4501953125,4758.85986328125,2513910000,False,False,False
2023-12-27,4781.580078125,4785.39013671875,4768.89990234375,4773.4501953125,2748450000,False,False,False
2023-12-28,4783.35009765625,4793.2998046875,4780.97998046875,4786.43994140625,2698860000,False,False,False
2023-12-29,4769.830078125,4788.43017578125,4751.990234375,4782.8798828125,3126060000,False,False,False
2024-01-02,4742.830078125,4754.330078125,4722.669921875,4745.2001953125,3743050000,False,False,False
2024-01-03,4704.81005859375,4729.2900390625,4699.7099609375,4725.06982421875,3950760000,False,False,False
2024-01-04,4688.68017578125,4726.77978515625,4687.52978515625,4697.419921875,3715480000,False,False,False
2024-01-05,4697.240234375,4721.490234375,4682.10986328125,4690.56982421875,3844370000,False,False,False
2024-01-08,4763.5400390625,4764.5400390625,4699.81982421875,4703.7001953125,3742320000,False,False,False
2024-01-09,4756.5,4765.47021484375,4730.35009765625,4741.93017578125,3529960000,False,False,False
2024-01-10,4783.4501953125,4790.7998046875,4756.2001953125,4759.93994140625,3498680000,False,False,False
2024-01-11,4780.240234375,4798.5,4739.580078125,4792.1298828125,3759890000,False,False,False
2024-01-12,4783.830078125,4802.39990234375,4768.97998046875,4791.18017578125,3486340000,False,False,False
2024-01-16,4765.97998046875,4782.33984375,4747.1201171875,4772.35009765625,4260550000,False,False,False
2024-01-17,4739.2099609375,4744.22998046875,4714.81982421875,4739.1298828125,3928600000,False,False,False
2024-01-18,4780.93994140625,4785.7900390625,4740.56982421875,4760.10009765625,4019000000,False,False,False
2024-01-19,4839.81005859375,4842.06982421875,4785.8701171875,4796.27978515625,4287200000,True,False,True
2024-01-22,4850.43017578125,4868.41015625,4844.0498046875,4853.419921875,4297610000,True,False,True
2024-01-23,4864.60009765625,4866.47998046875,4844.3701171875,4856.7998046875,3912800000,True,False,True
2024-01-24,4868.5498046875,4903.68017578125,4865.93994140625,4888.56005859375,4330030000,False,False,False
2024-01-25,4894.16015625,4898.14990234375,4869.33984375,4886.66015625,4020430000,False,False,False
2024-01-26,4890.97021484375,4906.68994140625,4881.47021484375,4888.91015625,3353400000,False,False,False
2024-01-29,4927.93017578125,4929.31005859375,4887.39990234375,4892.9501953125,3525160000,False,False,False
2024-01-30,4924.97021484375,4931.08984375,4916.27001953125,4925.89013671875,3836130000,False,False,False
2024-01-31,4845.64990234375,4906.75,4845.14990234375,4899.18994140625,4696120000,False,False,False
2024-02-01,4906.18994140625,4906.97021484375,4853.52001953125,4861.10986328125,4386090000,False,False,False
2024-02-02,4958.60986328125,4975.2900390625,4907.990234375,4916.06005859375,3974350000,False,False,False
2024-02-05,4942.81005859375,4957.18994140625,4918.08984375,4957.18994140625,4023640000,False,False,False
2024-02-06,4954.22998046875,4957.77001953125,4934.8798828125,4950.16015625,4440880000,False,False,False
2024-02-07,4995.06005859375,4999.89013671875,4969.0498046875,4973.0498046875,4895590000,False,False,False
2024-02-08,4997.91015625,5000.39990234375,4987.08984375,4995.16015625,4341860000,False,False,False
2024-02-09,5026.60986328125,5030.06005859375,5000.33984375,5004.169921875,3912990000,False,False,False
2024-02-12,5021.83984375,5048.39013671875,5016.830078125,5026.830078125,3805740000,False,False,False
2024-02-13,4953.169921875,4971.2998046875,4920.31005859375,4967.93994140625,4302190000,False,False,False
2024-02-14,5000.6201171875,5002.52001953125,4956.4501953125,4976.43994140625,3845600000,False,False,False
2024-02-15,5029.72998046875,5032.72021484375,4999.43994140625,5003.14013671875,4137970000,False,False,False
2024-02-16,5005.56982421875,5038.7001953125,4999.52001953125,5031.1298828125,3833270000,False,False,False
2024-02-20,4975.509765625,4993.7099609375,4955.02001953125,4989.31982421875,4034880000,False,False,False
2024-02-21,4981.7998046875,4983.2099609375,4946.0,4963.02978515625,3788390000,False,False,False
2024-02-22,5087.02978515625,5094.39013671875,5038.830078125,5038.830078125,4051710000,True,True,True
2024-02-23,5088.7998046875,5111.06005859375,5081.4599609375,5100.919921875,3672790000,False,False,False
2024-02-26,5069.52978515625,5097.66015625,5068.91015625,5093.0,3683930000,False,False,False
2024-02-27,5078.18017578125,5080.68994140625,5057.2900390625,5074.60009765625,3925950000,False,False,False
2024-02-28,5069.759765625,5077.3701171875,5058.35009765625,5067.2001953125,3789370000,False,False,False
2024-02-29,5096.27001953125,5104.990234375,5061.89013671875,5085.35986328125,5219740000,False,False,False
2024-03-01,5137.080078125,5140.330078125,5094.16015625,5098.509765625,4748110000,True,False,True
2024-03-04,5130.9501953125,5149.669921875,5127.18017578125,5130.990234375,4758440000,False,False,False
2024-03-05,5078.64990234375,5114.5400390625,5056.81982421875,5110.52001953125,4418410000,False,False,False
2024-03-06,5104.759765625,5127.97021484375,5092.22021484375,5108.02978515625,4559050000,False,False,False
2024-03-07,5157.35986328125,5165.6201171875,5128.2099609375,5132.3798828125,4137980000,False,False,False
2024-03-08,5123.68994140625,5189.259765625,5117.5,5164.4599609375,4208870000,False,False,False
2024-03-11,5117.93994140625,5124.66015625,5091.14013671875,5111.9599609375,3896430000,False,False,False
2024-03-12,5175.27001953125,5179.8701171875,5114.47998046875,5134.2998046875,4080510000,False,False,False
2024-03-13,5165.31005859375,5179.14013671875,5151.8798828125,5173.490234375,4282890000,False,False,False
2024-03-14,5150.47998046875,5176.85009765625,5123.2998046875,5175.14013671875,4687970000,False,False,False
2024-03-15,5117.08984375,5136.85986328125,5104.35009765625,5123.31005859375,7753670000,False,False,False
2024-03-18,5149.419921875,5175.60009765625,5145.47021484375,5154.77001953125,4036220000,False,False,False
2024-03-19,5178.509765625,5180.31005859375,5131.58984375,5139.08984375,4031760000,False,False,False
2024-03-20,5224.6201171875,5226.18994140625,5171.5498046875,5181.68994140625,4064850000,True,False,True
2024-03-21,5241.52978515625,5261.10009765625,5240.66015625,5253.43017578125,4207730000,True,False,True
2024-03-22,5234.18017578125,5246.08984375,5229.8701171875,5242.47998046875,3374700000,False,False,False
2024-03-25,5218.18994140625,5229.08984375,5216.08984375,5219.52001953125,3331360000,False,False,False
2024-03-26,5203.580078125,5235.16015625,5203.419921875,5228.85009765625,3871790000,False,False,False
2024-03-27,5248.490234375,5249.259765625,5213.919921875,5226.31005859375,3850500000,False,False,False
2024-03-28,5254.35009765625,5264.85009765625,5245.81982421875,5248.02978515625,3998270000,False,False,False
2024-04-01,5243.77001953125,5263.9501953125,5229.2001953125,5257.97021484375,3325930000,False,False,False
2024-04-02,5205.81005859375,5208.33984375,5184.0498046875,5204.2900390625,3886590000,False,False,False
2024-04-03,5211.490234375,5228.75,5194.3701171875,5194.3701171875,3703250000,False,False,False
2024-04-04,5147.2099609375,5256.58984375,5146.06005859375,5244.0498046875,4075680000,False,False,False
2024-04-05,5204.33984375,5222.18017578125,5157.2099609375,5158.9501953125,3386780000,False,False,False
2024-04-08,5202.39013671875,5219.56982421875,5197.35009765625,5211.3701171875,3278180000,False,False,False
2024-04-09,5209.91015625,5224.81005859375,5160.77978515625,5217.02978515625,3400680000,False,False,False
2024-04-10,5160.64013671875,5178.43017578125,5138.7001953125,5167.8798828125,3845930000,False,False,False
2024-04-11,5199.06005859375,5211.77978515625,5138.77001953125,5172.9501953125,3509380000,False,False,False
2024-04-12,5123.41015625,5175.02978515625,5107.93994140625,5171.509765625,3963220000,False,False,False
2024-04-15,5061.81982421875,5168.43017578125,5052.47021484375,5149.669921875,3950210000,True,False,True
2024-04-16,5051.41015625,5079.83984375,5039.830078125,5064.58984375,4006200000,True,False,True
2024-04-17,5022.2099609375,5077.9599609375,5007.25,5068.97021484375,3596130000,True,False,True
2024-04-18,5011.1201171875,5056.66015625,5001.89013671875,5031.52001953125,3619760000,True,False,True
2024-04-19,4967.22998046875,5019.02001953125,4953.56005859375,5005.43994140625,3878750000,True,False,True
2024-04-22,5010.60009765625,5038.83984375,4969.39990234375,4987.330078125,3820250000,False,False,False
2024-04-23,5070.5498046875,5076.1201171875,5027.9599609375,5028.85009765625,3751400000,False,False,False
2024-04-24,5071.6298828125,5089.47998046875,5047.02001953125,5084.85986328125,3656740000,False,False,False
2024-04-25,5048.419921875,5057.75,4990.580078125,5019.8798828125,3958050000,False,False,False
2024-04-26,5099.9599609375,5114.6201171875,5073.14013671875,5084.64990234375,3604140000,False,False,False
2024-04-29,5116.169921875,5123.490234375,5088.64990234375,5114.1298828125,3447450000,False,False,False
2024-04-30,5035.68994140625,5110.830078125,5035.31005859375,5103.77978515625,4082470000,False,False,False
2024-05-01,5018.39013671875,5096.1201171875,5013.4501953125,5029.02978515625,4544170000,False,False,False
2024-05-02,5064.2001953125,5073.2099609375,5011.0498046875,5049.31982421875,4381660000,False,False,False
2024-05-03,5127.7900390625,5139.1201171875,5101.22021484375,5122.77978515625,3924990000,False,False,False
2024-05-06,5180.740234375,5181.0,5142.419921875,5142.419921875,3683250000,False,False,False
2024-05-07,5187.7001953125,5200.22998046875,5178.9599609375,5187.2001953125,3987890000,False,False,False
2024-05-08,5187.669921875,5191.9501953125,5165.85986328125,5168.97998046875,3842100000,False,False,False
2024-05-09,5214.080078125,5215.2998046875,5180.41015625,5189.02978515625,3727370000,False,False,False
2024-05-10,5222.68017578125,5239.66015625,5209.68017578125,5225.490234375,3617900000,False,False,False
2024-05-13,5221.419921875,5237.259765625,5211.16015625,5233.080078125,4255710000,False,False,False
2024-05-14,5246.68017578125,5250.3701171875,5217.97998046875,5221.10009765625,4763580000,False,False,False
2024-05-15,5308.14990234375,5311.759765625,5263.259765625,5263.259765625,4360810000,False,False,False
2024-05-16,5297.10009765625,5325.490234375,5296.18994140625,5310.06982421875,3817470000,False,False,False
2024-05-17,5303.27001953125,5305.4501953125,5283.58984375,5303.10009765625,3578120000,False,False,False
2024-05-20,5308.1298828125,5325.31982421875,5302.39990234375,5305.35009765625,3420100000,False,False,False
2024-05-21,5321.41015625,5324.31982421875,5297.8701171875,5298.68994140625,3662240000,False,False,False
2024-05-22,5307.009765625,5323.18017578125,5286.009765625,5319.27978515625,3847130000,False,False,False
2024-05-23,5267.83984375,5341.8798828125,5256.93017578125,5340.259765625,3869520000,False,False,False
2024-05-24,5304.72021484375,5311.64990234375,5278.39013671875,5281.4501953125,3005510000,False,False,False
2024-05-28,5306.0400390625,5315.91015625,5280.89013671875,5315.91015625,3751540000,False,False,False
2024-05-29,5266.9501953125,5282.27001953125,5262.7001953125,5278.72998046875,3552750000,False,False,False
2024-05-30,5235.47998046875,5260.2099609375,5222.10009765625,5259.77001953125,3818750000,False,False,False
2024-05-31,5277.509765625,5280.330078125,5191.68017578125,5243.2099609375,5437160000,False,False,False
2024-06-03,5283.39990234375,5302.10986328125,5234.31982421875,5297.14990234375,4046920000,False,False,False
2024-06-04,5291.33984375,5298.7998046875,5257.6298828125,5278.240234375,3707900000,False,False,False
2024-06-05,5354.02978515625,5354.16015625,5297.64013671875,5314.47998046875,3591460000,False,False,False
2024-06-06,5352.9599609375,5362.35009765625,5335.35986328125,5357.7998046875,3609990000,False,False,False
2024-06-07,5346.990234375,5375.080078125,5331.330078125,5343.81005859375,3692760000,False,False,False
2024-06-10,5360.7900390625,5365.7900390625,5331.52001953125,5341.22021484375,3622280000,False,False,False
2024-06-11,5375.31982421875,5375.9501953125,5327.25,5353.0,3568030000,False,False,False
2024-06-12,5421.02978515625,5447.25,5409.1298828125,5409.1298828125,3962840000,True,False,True
2024-06-13,5433.740234375,5441.93017578125,5402.509765625,5441.93017578125,3530380000,True,False,True
2024-06-14,5431.60009765625,5432.39013671875,5403.75,5424.080078125,3438650000,False,False,False
2024-06-17,5473.22998046875,5488.5,5420.39990234375,5431.10986328125,3447840000,True,False,True
2024-06-18,5487.02978515625,5490.3798828125,5471.31982421875,5476.14990234375,3544330000,False,False,False
2024-06-20,5473.169921875,5505.52978515625,5455.56005859375,5499.990234375,3847060000,False,False,False
2024-06-21,5464.6201171875,5478.31005859375,5452.02978515625,5466.77001953125,6773800000,False,False,False
2024-06-24,5447.8701171875,5490.66015625,5447.58984375,5459.580078125,3696750000,False,False,False
2024-06-25,5469.2998046875,5472.8798828125,5446.56005859375,5460.72998046875,3591960000,False,False,False
2024-06-26,5477.89990234375,5483.14013671875,5451.8701171875,5460.7099609375,3563920000,False,False,False
2024-06-27,5482.8701171875,5490.81005859375,5467.5400390625,5473.58984375,3589530000,False,False,False
2024-06-28,5460.47998046875,5523.64013671875,5451.1201171875,5488.47998046875,7199220000,False,False,False
2024-07-01,5475.08984375,5479.5498046875,5446.52978515625,5471.080078125,3488760000,False,False,False
2024-07-02,5509.009765625,5509.68994140625,5458.43017578125,5461.83984375,3329950000,False,False,False
2024-07-03,5537.02001953125,5539.27001953125,5507.419921875,5507.43994140625,2179470000,False,False,False
2024-07-05,5567.18994140625,5570.330078125,5531.6298828125,5537.91015625,3253080000,False,False,False
2024-07-08,5572.85009765625,5583.10986328125,5562.509765625,5572.75,3185670000,False,False,False
2024-07-09,5576.97998046875,5590.75,5574.56982421875,5584.240234375,3232920000,False,False,False
2024-07-10,5633.91015625,5635.39013671875,5586.43994140625,5591.259765625,3336100000,True,False,True
2024-07-11,5584.5400390625,5642.4501953125,5576.52978515625,5635.2099609375,4020950000,False,False,False
2024-07-12,5615.35009765625,5655.56005859375,5590.43994140625,5590.759765625,3700280000,False,False,False
2024-07-15,5631.22021484375,5666.93994140625,5614.75,5638.16015625,3620470000,False,False,False
2024-07-16,5667.2001953125,5669.669921875,5639.02001953125,5644.08984375,4041760000,False,False,False
2024-07-17,5588.27001953125,5622.490234375,5584.81005859375,5610.06982421875,4246450000,False,False,False
2024-07-18,5544.58984375,5614.0498046875,5522.81005859375,5608.56005859375,4007510000,False,False,False
2024-07-19,5505.0,5557.5,5497.0400390625,5543.3701171875,3760570000,False,False,False
2024-07-22,5564.41015625,5570.35986328125,5529.0400390625,5544.5400390625,3375180000,False,False,False
2024-07-23,5555.740234375,5585.33984375,5550.89990234375,5565.2998046875,3500210000,False,False,False
2024-07-24,5427.1298828125,5508.0400390625,5419.97998046875,5505.83984375,3945550000,False,True,True
2024-07-25,5399.22021484375,5491.58984375,5390.9501953125,5428.7001953125,4592120000,True,False,True
2024-07-26,5459.10009765625,5488.31982421875,5430.7001953125,5433.669921875,3638770000,False,False,False
2024-07-29,5463.5400390625,5487.740234375,5444.43994140625,5476.5498046875,3379970000,False,False,False
2024-07-30,5436.43994140625,5489.4599609375,5401.7001953125,5478.72998046875,3777740000,False,False,False
2024-07-31,5522.2998046875,5551.509765625,5493.75,5505.58984375,4546910000,False,False,False
2024-08-01,5446.68017578125,5566.16015625,5410.419921875,5537.83984375,4703620000,False,False,False
2024-08-02,5346.56005859375,5383.89013671875,5302.02978515625,5376.6298828125,5156450000,True,True,True
2024-08-05,5186.330078125,5250.89013671875,5119.259765625,5151.14013671875,5333250000,True,True,True
2024-08-06,5240.02978515625,5312.33984375,5193.56005859375,5206.419921875,4690190000,False,False,False
2024-08-07,5199.5,5330.64013671875,5195.5400390625,5293.1298828125,4558260000,False,False,False
2024-08-08,5319.31005859375,5328.02978515625,5233.85009765625,5252.56982421875,4016830000,False,True,True
2024-08-09,5344.16015625,5358.669921875,5300.83984375,5314.66015625,3516400000,False,False,False
2024-08-12,5344.39013671875,5371.2001953125,5324.3701171875,5351.8798828125,3360160000,False,False,False
2024-08-13,5434.43017578125,5436.5,5376.97998046875,5376.97998046875,3648980000,False,False,False
2024-08-14,5455.2099609375,5463.22021484375,5415.91015625,5442.35986328125,3380050000,False,False,False
2024-08-15,5543.22021484375,5546.22998046875,5501.1298828125,5501.1298828125,3723310000,False,False,False
2024-08-16,5554.25,5561.97998046875,5525.169921875,5530.5,3357690000,False,False,False
2024-08-19,5608.25,5608.2998046875,5550.740234375,5557.22998046875,3222050000,False,False,False
2024-08-20,5597.1201171875,5620.509765625,5585.5,5602.8798828125,2994420000,False,False,False
2024-08-21,5620.85009765625,5632.68017578125,5591.56982421875,5603.08984375,3119670000,False,False,False
2024-08-22,5570.64013671875,5643.22021484375,5560.9501953125,5637.77001953125,2981530000,False,False,False
2024-08-23,5634.60986328125,5641.81982421875,5585.16015625,5602.490234375,3291940000,False,False,False
2024-08-26,5616.83984375,5651.6201171875,5602.33984375,5639.66015625,2938570000,False,False,False
2024-08-27,5625.7998046875,5631.18017578125,5593.47998046875,5602.89013671875,2798990000,False,False,False
2024-08-28,5592.18017578125,5627.02978515625,5560.9501953125,5624.509765625,3053450000,False,False,False
2024-08-29,5591.9599609375,5646.9501953125,5583.7099609375,5607.2998046875,3065640000,False,False,False
2024-08-30,5648.39990234375,5651.3701171875,5581.7900390625,5612.740234375,4185850000,False,False,False
2024-09-03,5528.93017578125,5623.89013671875,5504.330078125,5623.89013671875,3866350000,False,True,True
2024-09-04,5520.06982421875,5552.990234375,5503.66015625,5506.68017578125,3478140000,False,False,False
2024-09-05,5503.41015625,5546.2998046875,5480.5400390625,5520.080078125,3521650000,False,False,False
2024-09-06,5408.419921875,5522.47021484375,5402.6201171875,5507.330078125,3822800000,False,False,False
2024-09-09,5471.0498046875,5484.2001953125,5434.490234375,5442.06982421875,3825940000,False,False,False
2024-09-10,5495.52001953125,5497.91015625,5441.72021484375,5490.509765625,3848180000,False,False,False
2024-09-11,5554.1298828125,5560.41015625,5406.9599609375,5496.419921875,3839450000,False,False,False
2024-09-12,5595.759765625,5600.7099609375,5535.5,5557.47998046875,3655070000,False,False,False
2024-09-13,5626.02001953125,5636.27001953125,5601.64990234375,5603.33984375,3500790000,False,False,False
2024-09-16,5633.08984375,5636.0498046875,5604.52978515625,5615.2099609375,3437070000,False,False,False
2024-09-17,5634.580078125,5670.81005859375,5614.0498046875,5655.509765625,3443600000,False,False,False
2024-09-18,5618.259765625,5689.75,5615.080078125,5641.68017578125,3691390000,False,False,False
2024-09-19,5713.64013671875,5733.56982421875,5686.419921875,5702.6298828125,4024530000,False,False,False
2024-09-20,5702.5498046875,5715.14013671875,5674.490234375,5709.64013671875,7867260000,False,False,False
2024-09-23,5718.56982421875,5725.35986328125,5704.22021484375,5711.89990234375,3529550000,False,False,False
2024-09-24,5732.93017578125,5735.31982421875,5698.990234375,5727.66015625,3872710000,False,False,False
2024-09-25,5722.259765625,5741.02978515625,5712.06005859375,5733.64990234375,3624910000,False,False,False
2024-09-26,5745.3701171875,5767.3701171875,5721.009765625,5762.22021484375,4391180000,False,False,False
2024-09-27,5738.169921875,5763.77978515625,5727.33984375,5755.35986328125,3898530000,False,False,False
2024-09-30,5762.47998046875,5765.14013671875,5703.52978515625,5726.52001953125,4425730000,False,False,False
2024-10-01,5708.75,5757.72998046875,5681.27978515625,5757.72998046875,4025180000,False,False,False
2024-10-02,5709.5400390625,5719.6298828125,5674.0,5698.14013671875,3829050000,False,False,False
2024-10-03,5699.93994140625,5718.77978515625,5677.3701171875,5698.18994140625,3597450000,False,False,False
2024-10-04,5751.06982421875,5753.2099609375,5702.830078125,5737.47998046875,3479400000,False,False,False
2024-10-07,5695.93994140625,5739.33984375,5686.85009765625,5737.7998046875,3637790000,False,False,False
2024-10-08,5751.1298828125,5757.60009765625,5714.56005859375,5719.14013671875,3393400000,False,False,False
2024-10-09,5792.0400390625,5796.7998046875,5745.02001953125,5751.7998046875,3650340000,False,False,False
2024-10-10,5780.0498046875,5795.02978515625,5764.759765625,5778.35986328125,3208790000,False,False,False
2024-10-11,5815.02978515625,5822.1298828125,5775.08984375,5775.08984375,3208720000,False,False,False
2024-10-14,5859.85009765625,5871.41015625,5829.56982421875,5829.81005859375,3005250000,True,False,True
2024-10-15,5815.259765625,5870.35986328125,5804.47998046875,5866.740234375,3882120000,False,False,False
2024-10-16,5842.47021484375,5846.52001953125,5808.33984375,5816.580078125,3467230000,False,False,False
2024-10-17,5841.47021484375,5878.4599609375,5840.25,5875.6201171875,3480010000,False,False,False
2024-10-18,5864.669921875,5872.169921875,5846.10986328125,5859.43017578125,3374490000,False,False,False
2024-10-21,5853.97998046875,5866.919921875,5824.7900390625,5857.81982421875,3407010000,False,False,False
2024-10-22,5851.2001953125,5863.0400390625,5821.169921875,5832.7001953125,3342080000,False,False,False
2024-10-23,5797.419921875,5834.85009765625,5762.41015625,5834.5,3532650000,False,False,False
2024-10-24,5809.85986328125,5817.7998046875,5784.919921875,5817.7998046875,3543030000,False,False,False
2024-10-25,5808.1201171875,5862.81982421875,5799.97998046875,5826.75,3501280000,False,False,False
2024-10-28,5823.52001953125,5842.919921875,5823.080078125,5833.93017578125,3691280000,False,False,False
2024-10-29,5832.919921875,5847.18994140625,5802.169921875,5819.68017578125,3879100000,False,False,False
2024-10-30,5813.669921875,5850.93994140625,5811.27978515625,5832.64990234375,3851120000,False,False,False
2024-10-31,5705.4501953125,5775.33984375,5702.85986328125,5775.33984375,4425660000,True,True,True
2024-11-01,5728.7998046875,5772.52001953125,5723.22021484375,5723.22021484375,3796450000,False,False,False
2024-11-04,5712.68994140625,5741.43017578125,5696.509765625,5725.14990234375,3602060000,False,False,False
2024-11-05,5782.759765625,5783.43994140625,5722.10009765625,5722.43017578125,3768310000,False,False,False
2024-11-06,5929.0400390625,5936.14013671875,5864.89013671875,5864.89013671875,6329530000,True,True,True
2024-11-07,5973.10009765625,5983.83984375,5947.2099609375,5947.2099609375,4925740000,True,False,True
2024-11-08,5995.5400390625,6012.4501953125,5976.759765625,5976.759765625,4666740000,True,False,True
2024-11-11,6001.35009765625,6017.31005859375,5986.68994140625,6008.85986328125,4333000000,False,False,False
2024-11-12,5983.990234375,6009.919921875,5960.080078125,6003.60009765625,4243400000,False,False,False
2024-11-13,5985.3798828125,6008.18994140625,5965.91015625,5985.75,4220180000,False,False,False
2024-11-14,5949.169921875,5993.8798828125,5942.27978515625,5989.68017578125,4184570000,False,False,False
2024-11-15,5870.6201171875,5915.31982421875,5853.009765625,5912.7900390625,4590960000,False,False,False
2024-11-18,5893.6201171875,5908.1201171875,5865.9501953125,5874.169921875,3983860000,False,False,False
2024-11-19,5916.97998046875,5923.509765625,5855.2900390625,5870.0498046875,4036940000,False,False,False
2024-11-20,5917.10986328125,5920.669921875,5860.56005859375,5914.33984375,3772620000,False,False,False
2024-11-21,5948.7099609375,5963.31982421875,5887.259765625,5940.580078125,4230120000,False,False,False
2024-11-22,5969.33984375,5972.89990234375,5944.35986328125,5944.35986328125,4141420000,False,False,False
2024-11-25,5987.3701171875,6020.75,5963.91015625,5992.27978515625,5633150000,False,False,False
2024-11-26,6021.6298828125,6025.419921875,5992.27001953125,6000.02978515625,3835170000,False,False,False
2024-11-27,5998.740234375,6020.16015625,5984.8701171875,6014.10986328125,3363340000,False,False,False
2024-11-29,6032.3798828125,6044.169921875,6003.97998046875,6003.97998046875,2444420000,False,False,False
2024-12-02,6047.14990234375,6053.580078125,6035.330078125,6040.10986328125,4412470000,False,False,False
2024-12-03,6049.8798828125,6052.06982421875,6033.39013671875,6042.97021484375,4095000000,False,False,False
2024-12-04,6086.490234375,6089.83984375,6061.06005859375,6069.39013671875,4003390000,False,False,False
2024-12-05,6075.10986328125,6094.5498046875,6072.89990234375,6089.02978515625,4212020000,False,False,False
2024-12-06,6090.27001953125,6099.97021484375,6079.97998046875,6081.3798828125,3924830000,False,False,False
2024-12-09,6052.85009765625,6088.509765625,6048.6298828125,6083.009765625,4556460000,False,False,False
2024-12-10,6034.91015625,6065.39990234375,6029.89013671875,6057.58984375,4048410000,False,False,False
2024-12-11,6084.18994140625,6092.58984375,6060.14990234375,6060.14990234375,4269950000,False,False,False
2024-12-12,6051.25,6079.68017578125,6051.25,6074.2900390625,3678010000,False,False,False
2024-12-13,6051.08984375,6078.580078125,6035.77001953125,6068.169921875,3584960000,False,False,False
2024-12-16,6074.080078125,6085.18994140625,6059.14013671875,6063.7900390625,4391100000,False,False,False
2024-12-17,6050.60986328125,6057.68017578125,6035.18994140625,6052.5498046875,4544500000,False,False,False
2024-12-18,5872.16015625,6070.669921875,5867.7900390625,6047.64990234375,5246960000,True,True,True
2024-12-19,5867.080078125,5935.52001953125,5866.06982421875,5912.7099609375,4896880000,True,False,True
2024-12-20,5930.85009765625,5982.06005859375,5832.2998046875,5842.0,8223220000,False,False,False
2024-12-23,5974.06982421875,5978.25,5902.56982421875,5940.25,3593280000,False,False,False
2024-12-24,6040.0400390625,6040.10009765625,5981.43994140625,5984.6298828125,1757720000,False,False,False
2024-12-26,6037.58984375,6049.75,6007.3701171875,6024.97021484375,2904530000,False,False,False
2024-12-27,5970.83984375,6006.169921875,5932.9501953125,6006.169921875,3159610000,False,False,False
2024-12-30,5906.93994140625,5940.7900390625,5869.16015625,5920.669921875,3433250000,False,False,False
2024-12-31,5881.6298828125,5929.740234375,5868.85986328125,5919.740234375,3128350000,False,False,False
2025-01-02,5868.5498046875,5935.08984375,5829.52978515625,5903.259765625,3621680000,False,False,False
2025-01-03,5942.47021484375,5949.33984375,5888.66015625,5891.06982421875,3667340000,False,False,False
2025-01-06,5975.3798828125,6021.0400390625,5960.009765625,5982.81005859375,4940120000,False,False,False
2025-01-07,5909.02978515625,6000.68017578125,5890.68017578125,5993.259765625,4517330000,False,False,False
2025-01-08,5918.25,5927.89013671875,5874.77978515625,5910.66015625,4441740000,False,False,False
2025-01-10,5827.0400390625,5890.35009765625,5807.77978515625,5890.35009765625,4751930000,False,False,False
2025-01-13,5836.22021484375,5838.60986328125,5773.31005859375,5782.02001953125,4421200000,False,False,False
2025-01-14,5842.91015625,5871.919921875,5805.419921875,5859.27001953125,4142280000,False,False,False
2025-01-15,5949.91015625,5960.60986328125,5905.2099609375,5905.2099609375,4544570000,False,False,False
2025-01-16,5937.33984375,5964.68994140625,5930.72021484375,5963.60986328125,4285810000,False,False,False
2025-01-17,5996.66015625,6014.9599609375,5978.43994140625,5995.39990234375,4366830000,False,False,False
2025-01-21,6049.240234375,6051.509765625,6006.8798828125,6014.1201171875,4702920000,False,False,False
2025-01-22,6086.3701171875,6100.81005859375,6076.1298828125,6081.39013671875,4323040000,False,False,False
2025-01-23,6118.7099609375,6118.72998046875,6074.669921875,6076.31982421875,4432250000,False,False,False
2025-01-24,6101.240234375,6128.18017578125,6088.740234375,6121.43017578125,4214250000,False,False,False
2025-01-27,6012.27978515625,6017.169921875,5962.919921875,5969.0400390625,5198750000,False,False,False
2025-01-28,6067.7001953125,6074.5400390625,5994.6298828125,6026.97021484375,4473640000,False,False,False
2025-01-29,6039.31005859375,6062.830078125,6012.9599609375,6057.7001953125,4115310000,False,False,False
2025-01-30,6071.169921875,6086.64013671875,6027.4599609375,6050.75,4634620000,False,False,False
2025-01-31,6040.52978515625,6120.91015625,6030.93017578125,6096.7900390625,4843770000,False,False,False
2025-02-03,5994.56982421875,6022.1298828125,5923.93017578125,5969.64990234375,4797210000,False,False,False
2025-02-04,6037.8798828125,6042.47998046875,5990.8701171875,5998.14013671875,4410160000,False,False,False
2025-02-05,6061.47998046875,6062.85986328125,6007.06005859375,6020.4501953125,4756250000,False,False,False
2025-02-06,6083.56982421875,6084.02978515625,6046.830078125,6072.22021484375,4847120000,False,False,False
2025-02-07,6025.990234375,6101.27978515625,6019.9599609375,6083.1298828125,4766900000,False,False,False
2025-02-10,6066.43994140625,6073.3798828125,6044.83984375,6046.39990234375,4458760000,False,False,False
2025-02-11,6068.5,6076.27978515625,6042.33984375,6049.31982421875,4324880000,False,False,False
2025-02-12,6051.97021484375,6063.0,6003.0,6025.080078125,4627960000,False,False,False
2025-02-13,6115.06982421875,6116.91015625,6050.9501953125,6060.58984375,4763800000,False,False,False
2025-02-14,6114.6298828125,6127.47021484375,6107.6201171875,6115.52001953125,4335190000,False,False,False
2025-02-18,6129.580078125,6129.6298828125,6099.509765625,6121.60009765625,4684980000,False,False,False
2025-02-19,6144.14990234375,6147.43017578125,6111.14990234375,6117.759765625,4562330000,False,False,False
2025-02-20,6117.52001953125,6134.5,6084.58984375,6134.5,4813690000,False,False,False
2025-02-21,6013.1298828125,6114.81982421875,6008.56005859375,6114.10009765625,5434560000,False,False,False
2025-02-24,5983.25,6043.64990234375,5977.830078125,6026.68994140625,4990120000,False,False,False
2025-02-25,5955.25,5992.64990234375,5908.490234375,5982.72998046875,5374690000,True,False,True
2025-02-26,5956.06005859375,6009.81982421875,5932.68994140625,5970.8701171875,4869580000,False,False,False
2025-02-27,5861.56982421875,5993.68994140625,5858.77978515625,5981.8798828125,5057680000,True,False,True
2025-02-28,5954.5,5959.39990234375,5837.66015625,5856.740234375,6441140000,False,False,False
2025-03-03,5849.72021484375,5986.08984375,5810.91015625,5968.330078125,5613850000,True,False,True
2025-03-04,5778.14990234375,5865.080078125,5732.58984375,5811.97998046875,6138110000,True,False,True
2025-03-05,5842.6298828125,5860.58984375,5742.35009765625,5781.35986328125,5285970000,False,False,False
2025-03-06,5738.52001953125,5812.080078125,5711.64013671875,5785.8701171875,5165080000,True,False,True
2025-03-07,5770.2001953125,5783.009765625,5666.2900390625,5726.009765625,5705140000,False,False,False
2025-03-10,5614.56005859375,5705.3701171875,5564.02001953125,5705.3701171875,6409370000,True,True,True
2025-03-11,5572.06982421875,5636.2998046875,5528.41015625,5603.64990234375,6221240000,True,False,True
2025-03-12,5599.2998046875,5642.18994140625,5546.08984375,5624.83984375,5219830000,False,False,False
2025-03-13,5521.52001953125,5597.77978515625,5504.64990234375,5594.4501953125,5018980000,False,False,False
2025-03-14,5638.93994140625,5645.27001953125,5563.85009765625,5563.85009765625,4863180000,False,True,True
2025-03-17,5675.1201171875,5703.52001953125,5631.1201171875,5635.60009765625,5031770000,False,False,False
2025-03-18,5614.66015625,5654.52978515625,5597.759765625,5654.52978515625,4666270000,False,False,False
2025-03-19,5675.2900390625,5715.330078125,5622.2001953125,5632.3701171875,4660090000,False,False,False
2025-03-20,5662.89013671875,5711.14990234375,5632.330078125,5646.919921875,4678420000,False,False,False
2025-03-21,5667.56005859375,5670.83984375,5603.10009765625,5630.72998046875,9367460000,False,False,False
2025-03-24,5767.56982421875,5775.14013671875,5718.080078125,5718.080078125,4517990000,False,False,False
2025-03-25,5776.64990234375,5786.9501953125,5760.419921875,5775.9599609375,4467340000,False,False,False
2025-03-26,5712.2001953125,5783.6201171875,5694.41015625,5771.66015625,4183140000,False,False,False
2025-03-27,5693.31005859375,5732.27978515625,5670.93994140625,5695.64013671875,4403460000,False,False,False
2025-03-28,5580.93994140625,5685.89013671875,5572.419921875,5679.2001953125,4513330000,False,True,True
2025-03-31,5611.85009765625,5627.56005859375,5488.72998046875,5527.91015625,5257250000,False,False,False
2025-04-01,5633.06982421875,5650.56982421875,5558.52001953125,5597.52978515625,4434500000,False,False,False
2025-04-02,5670.97021484375,5695.31005859375,5571.47998046875,5580.759765625,4243830000,False,False,False
2025-04-03,5396.52001953125,5499.52978515625,5390.830078125,5492.740234375,7210470000,True,True,True
2025-04-04,5074.080078125,5292.14013671875,5069.89990234375,5292.14013671875,8853500000,True,True,True
2025-04-07,5062.25,5246.56982421875,4835.0400390625,4953.7900390625,8691980000,True,False,True
2025-04-08,4982.77001953125,5267.47021484375,4910.419921875,5193.56982421875,7408140000,True,False,True
2025-04-09,5456.89990234375,5481.33984375,4948.43017578125,4965.27978515625,9489600000,False,True,True
2025-04-10,5268.0498046875,5353.14990234375,5115.27001953125,5353.14990234375,6677140000,False,True,True
2025-04-11,5363.35986328125,5381.4599609375,5220.77001953125,5255.56005859375,5602550000,False,False,False
2025-04-14,5405.97021484375,5459.4599609375,5358.02001953125,5441.9599609375,5031440000,False,False,False
2025-04-15,5396.6298828125,5450.41015625,5386.43994140625,5411.990234375,4317110000,False,False,False
2025-04-16,5275.7001953125,5367.240234375,5220.7900390625,5335.75,4607750000,False,True,True
2025-04-17,5282.7001953125,5328.31005859375,5255.580078125,5305.4501953125,4714880000,False,False,False
2025-04-21,5158.2001953125,5232.93994140625,5101.6298828125,5232.93994140625,4226340000,False,True,True
2025-04-22,5287.759765625,5309.60986328125,5207.669921875,5207.669921875,4666950000,False,True,True
2025-04-23,5375.85986328125,5469.68994140625,5356.169921875,5395.919921875,5371390000,False,False,False
2025-04-24,5484.77001953125,5489.39990234375,5371.9599609375,5381.3798828125,4697710000,False,True,True
2025-04-25,5525.2099609375,5528.10986328125,5455.85986328125,5489.72998046875,4236580000,False,False,False
2025-04-28,5528.75,5553.66015625,5468.64013671875,5529.22021484375,4257880000,False,False,False
2025-04-29,5560.830078125,5571.9501953125,5505.7001953125,5508.8701171875,4747150000,False,False,False
2025-04-30,5569.06005859375,5581.83984375,5433.240234375,5499.43994140625,5449490000,False,False,False
2025-05-01,5604.14013671875,5658.91015625,5597.35009765625,5625.14013671875,4935270000,False,False,False
2025-05-02,5686.669921875,5700.7001953125,5642.27978515625,5645.8798828125,4854380000,False,False,False
2025-05-05,5650.3798828125,5683.3798828125,5634.47998046875,5655.31982421875,4358260000,False,False,False
2025-05-06,5606.91015625,5649.580078125,5586.0400390625,5605.8701171875,4717260000,False,False,False
2025-05-07,5631.27978515625,5654.72998046875,5578.64013671875,5614.18017578125,4987440000,False,False,False
2025-05-08,5663.93994140625,5720.10009765625,5635.3798828125,5663.60009765625,5627400000,False,False,False
2025-05-09,5659.91015625,5691.68994140625,5644.14990234375,5679.64990234375,4645090000,False,False,False
2025-05-12,5844.18994140625,5845.3701171875,5786.080078125,5807.2001953125,6014580000,False,True,True
2025-05-13,5886.5498046875,5906.64013671875,5845.02001953125,5854.14990234375,5516290000,False,False,False
2025-05-14,5892.580078125,5906.5498046875,5872.10986328125,5896.740234375,5233450000,False,False,False
2025-05-15,5916.93017578125,5924.2099609375,5865.16015625,5869.81982421875,4991290000,False,False,False
2025-05-16,5958.3798828125,5958.6201171875,5907.35986328125,5929.08984375,4850850000,False,False,False
2025-05-19,5963.60009765625,5968.60986328125,5895.68994140625,5902.8798828125,4144010000,False,False,False
2025-05-20,5940.4599609375,5953.06005859375,5909.259765625,5944.66015625,4416850000,False,False,False
2025-05-21,5844.60986328125,5938.3701171875,5830.91015625,5910.18017578125,5254250000,False,False,False
2025-05-22,5842.009765625,5878.080078125,5825.81982421875,5841.259765625,5157050000,False,False,False
2025-05-23,5802.81982421875,5829.509765625,5767.41015625,5781.89013671875,4662820000,False,False,False
2025-05-27,5921.5400390625,5924.330078125,5854.06982421875,5854.06982421875,5366380000,False,True,True
2025-05-28,5888.5498046875,5939.919921875,5881.8798828125,5925.5400390625,4665050000,False,False,False
2025-05-29,5912.169921875,5943.1298828125,5873.7998046875,5939.9599609375,4569750000,False,False,False
2025-05-30,5911.68994140625,5922.14013671875,5843.66015625,5903.669921875,6378540000,False,False,False
2025-06-02,5935.93994140625,5937.39990234375,5861.43017578125,5896.68017578125,4832240000,False,False,False
2025-06-03,5970.3701171875,5981.35009765625,5929.0,5938.56005859375,5026680000,False,False,False
2025-06-04,5970.81005859375,5990.47998046875,5966.10986328125,5978.93994140625,4767050000,False,False,False
2025-06-05,5939.2998046875,5999.7001953125,5921.2001953125,5985.669921875,5091850000,False,False,False
2025-06-06,6000.35986328125,6016.8701171875,5978.6298828125,5987.06005859375,4355710000,False,False,False
2025-06-09,6005.8798828125,6021.31005859375,5994.18017578125,6004.6298828125,4642360000,False,False,False
2025-06-10,6038.81005859375,6043.009765625,6000.27978515625,6009.91015625,4882880000,False,False,False
2025-06-11,6022.240234375,6059.39990234375,6002.31982421875,6049.3798828125,5111550000,False,False,False
2025-06-12,6045.259765625,6045.43017578125,6003.8798828125,6009.89990234375,4669500000,False,False,False
2025-06-13,5976.97021484375,6026.16015625,5963.2099609375,6000.56005859375,5258910000,False,False,False
2025-06-16,6033.10986328125,6050.830078125,6004.0,6004.0,5111710000,False,False,False
2025-06-17,5982.72021484375,6023.25,5974.7998046875,6012.14990234375,4955700000,False,False,False
2025-06-18,5980.8701171875,6018.25,5971.89013671875,5987.93017578125,5106470000,False,False,False
2025-06-20,5967.83984375,6018.2001953125,5952.56005859375,5999.669921875,7451500000,False,False,False
2025-06-23,6025.169921875,6028.77001953125,5943.22998046875,5969.669921875,5597000000,False,False,False
2025-06-24,6092.18017578125,6101.759765625,6059.25,6061.2099609375,5443690000,True,False,True
2025-06-25,6092.16015625,6108.509765625,6080.08984375,6104.22998046875,5171110000,False,False,False
2025-06-26,6141.02001953125,6146.52001953125,6107.27001953125,6112.08984375,5308140000,True,False,True
2025-06-27,6173.06982421875,6187.68017578125,6132.35009765625,6150.7001953125,7889350000,True,False,True
2025-06-30,6204.9501953125,6215.080078125,6174.97021484375,6193.35986328125,5782900000,True,False,True
2025-07-01,6198.009765625,6210.77978515625,6177.97021484375,6187.25,6275310000,False,False,False
2025-07-02,6227.419921875,6227.60009765625,6188.2900390625,6193.8798828125,5645710000,False,False,False
2025-07-03,6279.35009765625,6284.64990234375,6246.4599609375,6246.4599609375,3378110000,True,False,True
2025-07-07,6229.97998046875,6262.06982421875,6201.0,6259.0400390625,5236740000,False,False,False
2025-07-08,6225.52001953125,6242.7001953125,6217.75,6234.02978515625,5739030000,False,False,False
2025-07-09,6263.259765625,6269.16015625,6231.43017578125,6243.330078125,4813340000,False,False,False
2025-07-10,6280.4599609375,6290.22021484375,6251.43994140625,6266.7998046875,5367350000,False,False,False
2025-07-11,6259.75,6269.43994140625,6237.60009765625,6255.68017578125,4656210000,False,False,False
2025-07-14,6268.56005859375,6273.31005859375,6239.22021484375,6255.14990234375,4722250000,False,False,False
2025-07-15,6243.759765625,6302.0400390625,6241.68017578125,6295.2900390625,5133670000,False,False,False
2025-07-16,6263.7001953125,6268.1201171875,6201.58984375,6254.5,5177460000,False,False,False
2025-07-17,6297.35986328125,6304.68994140625,6262.27001953125,6263.39990234375,5512290000,False,False,False
2025-07-18,6296.7900390625,6315.60986328125,6285.27001953125,6312.9501953125,5184700000,False,False,False
2025-07-21,6305.60009765625,6336.080078125,6303.7900390625,6304.740234375,5010840000,False,False,False
2025-07-22,6309.6201171875,6316.1201171875,6281.7099609375,6306.60009765625,5662040000,False,False,False
2025-07-23,6358.91015625,6360.64013671875,6317.490234375,6326.89990234375,5642510000,False,False,False
2025-07-24,6363.35009765625,6381.31005859375,6360.56982421875,6368.60009765625,5282720000,False,False,False
2025-07-25,6388.64013671875,6395.81982421875,6368.52978515625,6370.009765625,4470720000,True,False,True
2025-07-28,6389.77001953125,6401.06982421875,6375.7900390625,6397.68994140625,4565620000,False,False,False
2025-07-29,6370.85986328125,6409.259765625,6363.919921875,6405.6201171875,5076120000,False,False,False
2025-07-30,6362.89990234375,6396.5400390625,6336.3798828125,6381.22998046875,5375070000,False,False,False
2025-07-31,6339.39013671875,6427.02001953125,6327.64013671875,6427.02001953125,6077080000,False,False,False
2025-08-01,6238.009765625,6287.27978515625,6212.68994140625,6287.27978515625,5827150000,False,False,False
2025-08-04,6329.93994140625,6330.68994140625,6271.7099609375,6271.7099609375,4842580000,False,False,False
2025-08-05,6299.18994140625,6346.0,6289.3701171875,6336.6298828125,5517410000,False,False,False
2025-08-06,6345.06005859375,6352.830078125,6301.10986328125,6309.2998046875,5408560000,False,False,False
2025-08-07,6340.0,6389.7099609375,6310.31982421875,6374.31982421875,5306090000,False,False,False
2025-08-08,6389.4501953125,6395.16015625,6355.22021484375,6355.22021484375,4769910000,False,False,False
2025-08-11,6373.4501953125,6407.25,6364.06005859375,6389.669921875,4652400000,False,False,False
2025-08-12,6445.759765625,6446.5498046875,6385.759765625,6395.169921875,5135300000,True,False,True
2025-08-13,6466.580078125,6480.27978515625,6445.02001953125,6462.669921875,5195950000,True,False,True
2025-08-14,6468.5400390625,6473.919921875,6441.06982421875,6453.4599609375,4462050000,False,False,False
2025-08-15,6449.7998046875,6481.33984375,6441.85009765625,6477.3798828125,4575060000,False,False,False
2025-08-18,6449.14990234375,6455.35009765625,6437.7001953125,6445.02001953125,4162290000,False,False,False
2025-08-19,6411.3701171875,6456.47998046875,6400.22021484375,6446.240234375,4377440000,False,False,False
2025-08-20,6395.77978515625,6408.39990234375,6343.85986328125,6406.6201171875,4470390000,False,False,False
2025-08-21,6370.169921875,6393.64990234375,6352.7099609375,6380.830078125,4013560000,False,False,False
2025-08-22,6466.91015625,6478.89013671875,6384.58984375,6384.58984375,5046860000,False,False,False
2025-08-25,6439.31982421875,6466.89013671875,6438.06005859375,6457.669921875,4059070000,False,False,False
2025-08-26,6465.93994140625,6468.3701171875,6429.2099609375,6435.490234375,4867680000,False,False,False
2025-08-27,6481.39990234375,6487.06005859375,6457.83984375,6462.259765625,4143680000,False,False,False
2025-08-28,6501.85986328125,6508.22998046875,6466.9599609375,6483.83984375,4283760000,False,False,False
2025-08-29,6460.259765625,6491.759765625,6444.56982421875,6489.27978515625,4234840000,False,False,False
2025-09-02,6415.5400390625,6416.5400390625,6360.580078125,6401.509765625,4784000000,False,False,False
2025-09-03,6448.259765625,6453.669921875,6416.169921875,6445.81982421875,4465360000,False,False,False
2025-09-04,6502.080078125,6502.5400390625,6445.97998046875,6456.60009765625,4670770000,False,False,False
2025-09-05,6481.5,6532.64990234375,6443.97998046875,6529.080078125,5066120000,False,False,False
2025-09-08,6495.14990234375,6508.669921875,6483.2900390625,6498.08984375,5211500000,False,False,False
2025-09-09,6512.60986328125,6518.22998046875,6483.080078125,6503.330078125,4798350000,False,False,False
2025-09-10,6532.0400390625,6555.97021484375,6516.33984375,6550.2900390625,5253010000,False,False,False
2025-09-11,6587.47021484375,6592.89013671875,6545.7998046875,6554.41015625,5426460000,True,False,True
2025-09-12,6584.2900390625,6600.2099609375,6579.490234375,6590.66015625,4641640000,False,False,False
2025-09-15,6615.27978515625,6619.6201171875,6602.06982421875,6603.490234375,5045020000,True,False,True
2025-09-16,6606.759765625,6626.990234375,6600.10986328125,6624.1298828125,5359510000,False,False,False
2025-09-17,6600.35009765625,6624.39013671875,6551.14990234375,6604.8701171875,5805340000,False,False,False
2025-09-18,6631.9599609375,6656.7998046875,6611.89013671875,6626.85009765625,5292400000,False,False,False
2025-09-19,6664.35986328125,6671.81982421875,6630.31005859375,6647.10986328125,9125960000,False,False,False
2025-09-22,6693.75,6698.8798828125,6648.06982421875,6654.27978515625,5642620000,False,False,False
2025-09-23,6656.919921875,6699.52001953125,6645.580078125,6692.43994140625,5633620000,False,False,False
2025-09-24,6637.97021484375,6672.66015625,6621.759765625,6669.7900390625,5459180000,False,False,False
2025-09-25,6604.72021484375,6619.0,6569.22021484375,6608.18994140625,5874670000,False,False,False
2025-09-26,6643.7001953125,6648.97021484375,6604.43017578125,6615.3798828125,5103110000,False,False,False
2025-09-29,6661.2099609375,6677.31005859375,6644.490234375,6661.580078125,5358760000,False,False,False
2025-09-30,6688.4599609375,6691.25,6641.0,6656.18994140625,6057210000,False,False,False
2025-10-01,6711.2001953125,6718.47998046875,6656.2001953125,6664.919921875,6037950000,False,False,False
2025-10-02,6715.35009765625,6731.93994140625,6693.22998046875,6731.31005859375,5416130000,False,False,False
2025-10-03,6715.7900390625,6750.8701171875,6705.669921875,6722.14013671875,5713110000,False,False,False
2025-10-06,6740.27978515625,6749.52001953125,6717.77978515625,6733.85986328125,5604460000,False,False,False
2025-10-07,6714.58984375,6754.490234375,6699.9599609375,6746.14013671875,5546150000,False,False,False
2025-10-08,6753.72021484375,6755.64013671875,6718.08984375,6723.8701171875,5383130000,False,False,False
2025-10-09,6735.10986328125,6764.580078125,6716.169921875,6760.5,5385020000,False,False,False
2025-10-10,6552.509765625,6762.39990234375,6550.77978515625,6740.490234375,6596610000,True,True,True
2025-10-13,6654.72021484375,6668.68017578125,6620.7099609375,6622.52978515625,5303960000,False,False,False
2025-10-14,6644.31005859375,6680.7001953125,6555.06982421875,6602.490234375,5666920000,False,False,False
2025-10-15,6671.06005859375,6724.1201171875,6612.10986328125,6688.27001953125,5633060000,False,False,False
2025-10-16,6629.06982421875,6709.33984375,6593.990234375,6689.02001953125,6048180000,False,False,False
2025-10-17,6664.009765625,6678.8798828125,6603.759765625,6613.27001953125,5358120000,False,False,False
2025-10-20,6735.1298828125,6744.35009765625,6690.0498046875,6690.0498046875,4672170000,False,False,False
2025-10-21,6735.35009765625,6752.16015625,6722.02978515625,6736.75,5245020000,False,False,False
2025-10-22,6699.39990234375,6741.75,6655.68994140625,6741.33984375,5710010000,False,False,False
2025-10-23,6738.43994140625,6749.52978515625,6700.14013671875,6703.64990234375,3282765000,False,False,False
