datetime,close,high_^mxx,low_^mxx,open_^mxx,volume_^mxx,bandas_anom,if_anom,combined
2022-10-24,47765.23828125,47967.140625,47065.421875,47088.171875,187700900,False,False,False
2022-10-25,48641.26953125,48682.05859375,47558.73046875,47707.6015625,257303800,False,False,False
2022-10-26,49327.109375,49408.26953125,48501.55078125,48596.48046875,309657400,False,False,False
2022-10-27,48892.55859375,49361.578125,48805.41015625,49293.76953125,228084700,False,False,False
2022-10-28,49086.30078125,49131.390625,48482.8984375,48896.359375,130269800,False,False,False
2022-10-31,49922.30078125,49990.94140625,48873.171875,49110.671875,188740200,False,False,False
2022-11-01,50864.8515625,50905.671875,50004.421875,50004.421875,184332800,False,True,True
2022-11-03,50215.87109375,50653.87109375,49431.48046875,50653.87109375,256662200,False,False,False
2022-11-04,51173.75,51319.87890625,50530.19921875,50565.16015625,145797800,False,True,True
2022-11-07,50760.171875,51547.48046875,50540.03125,51166.859375,174276800,False,False,False
2022-11-08,50888.46875,51093.05078125,50510.83984375,50773.9609375,198409900,False,False,False
2022-11-09,50545.76171875,51232.91015625,50333.12109375,50822.640625,180419300,False,False,False
2022-11-10,51031.7109375,51541.62890625,50839.37109375,50953.171875,173193500,False,False,False
2022-11-11,51959.19921875,52126.8984375,51086.48046875,51086.48046875,194494200,False,False,False
2022-11-14,51785.12890625,52016.44140625,51565.3515625,51915.62890625,187694100,False,False,False
2022-11-15,51655.6796875,52457.140625,51369.30859375,51985.33984375,151830700,False,False,False
2022-11-16,51544.94140625,51710.640625,51362.578125,51526.390625,174857500,False,False,False
2022-11-17,51360.87109375,51559.41015625,51057.37890625,51377.05078125,145243200,False,False,False
2022-11-18,51569.71875,52040.03125,51326.890625,51468.578125,266751800,False,False,False
2022-11-22,51760.5390625,52371.01953125,51579.28125,51614.16015625,221256400,False,False,False
2022-11-23,51993.94921875,52258.73046875,51710.01953125,51710.01953125,161114500,False,False,False
2022-11-24,51979.01171875,52245.078125,51714.1796875,51990.609375,28413500,False,False,False
2022-11-25,51668.640625,51968.3203125,51289.91015625,51968.3203125,74038400,False,False,False
2022-11-28,51081.328125,52120.23046875,51030.8984375,51619.80859375,132152000,False,False,False
2022-11-29,50174.05859375,51237.91015625,50111.48828125,51044.4296875,164540000,False,True,True
2022-11-30,51684.859375,51800.359375,50125.80859375,50200.9296875,741512300,False,True,True
2022-12-01,51457.55078125,51811.171875,51027.578125,51649.6015625,185457400,False,False,False
2022-12-02,51234.37109375,51647.8515625,51030.4296875,51407.9609375,153348400,False,False,False
2022-12-05,50799.4609375,51298.01171875,50715.01171875,51197.73046875,105068700,False,False,False
2022-12-06,51020.6484375,51481.80859375,50494.62890625,50683.1015625,149912000,False,False,False
2022-12-07,50725.9609375,51311.3984375,50645.19140625,51044.03125,141194800,False,False,False
2022-12-08,51078.69921875,51298.859375,50721.5,50721.5,123034000,False,False,False
2022-12-09,50466.25,51170.890625,50423.73828125,51170.62109375,121540600,False,False,False
2022-12-13,50333.1015625,51084.44140625,50240.44921875,50638.8203125,284653100,False,False,False
2022-12-14,50047.69921875,50452.640625,49781.71875,50430.94140625,170810200,False,False,False
2022-12-15,49342.33984375,49976.48828125,49281.23046875,49972.94921875,278214000,True,False,True
2022-12-16,49630.1484375,49686.7890625,49113.7109375,49361.51171875,377277200,False,False,False
2022-12-19,49946.1015625,50058.30078125,49534.6484375,49694.69140625,96795700,False,False,False
2022-12-20,50139.421875,50406.5703125,49978.44921875,49978.44921875,101775700,False,False,False
2022-12-21,50426.26171875,50791.37890625,50034.8515625,50182.328125,96007300,False,False,False
2022-12-22,50097.21875,50518.0,49648.109375,50455.890625,84251200,False,False,False
2022-12-23,50578.08984375,50759.66015625,49864.6484375,50052.48046875,74942400,False,False,False
2022-12-26,50273.890625,50712.390625,50211.37109375,50530.62890625,11411000,False,False,False
2022-12-27,50440.01953125,50838.6484375,50277.12109375,50305.69921875,54768700,False,False,False
2022-12-28,49648.2109375,50491.08984375,49605.37890625,50432.78125,73263800,False,False,False
2022-12-29,49517.859375,50209.7890625,49461.51953125,49708.671875,63993800,False,False,False
2022-12-30,48463.859375,49619.33984375,48383.19921875,49524.328125,119821400,True,True,True
2023-01-02,48993.23828125,49136.94140625,48478.94140625,48506.0390625,10617600,False,False,False
2023-01-03,49050.4609375,49180.19140625,48881.98828125,48970.55078125,64955500,False,False,False
2023-01-04,50161.26953125,50388.609375,48966.12109375,49013.30859375,113054700,False,True,True
2023-01-05,50805.2109375,50971.66015625,50077.71875,50150.76953125,139834800,False,False,False
2023-01-06,51730.5,52004.828125,50618.30859375,50800.83984375,109031000,True,False,True
2023-01-09,52280.05078125,52460.48046875,51744.83984375,51770.1015625,126915200,True,False,True
2023-01-10,52344.01953125,52564.109375,52180.8515625,52297.7109375,131270700,True,False,True
2023-01-11,53209.0,53508.75,52348.44921875,52348.44921875,155651700,True,False,True
2023-01-12,53593.859375,53859.0,53215.51171875,53228.44921875,173800900,True,False,True
2023-01-13,53576.71875,53903.8984375,53371.6484375,53564.9296875,128172400,False,False,False
2023-01-16,53631.890625,53720.859375,53336.33984375,53591.87890625,46998100,False,False,False
2023-01-17,53128.96875,53580.0,52936.91015625,53580.0,132114900,False,False,False
2023-01-18,53218.828125,53590.4296875,53150.78125,53256.25,133000900,False,False,False
2023-01-19,53382.6484375,53783.609375,53070.78125,53215.41015625,154775500,False,False,False
2023-01-20,53947.0390625,54112.359375,53201.6796875,53430.2109375,121184400,False,False,False
2023-01-23,54341.25,54810.94921875,53943.0,53965.28125,115614600,False,False,False
2023-01-24,54870.5,55071.578125,54392.66015625,54392.66015625,142789100,False,False,False
2023-01-25,54871.359375,54972.1796875,54474.62890625,54878.5,148445100,False,False,False
2023-01-26,55164.01171875,55309.62109375,54866.19921875,54885.71875,131941600,False,False,False
2023-01-27,54774.91015625,55309.96875,54650.609375,55188.8515625,142811800,False,False,False
2023-01-30,54521.4296875,54795.91015625,54400.7890625,54767.41015625,121761800,False,False,False
2023-01-31,54564.26953125,54683.828125,54244.71875,54480.51953125,248463200,False,False,False
2023-02-01,55018.91015625,55072.23046875,54410.37109375,54555.91015625,148364300,False,False,False
2023-02-02,53874.91015625,55173.578125,53733.69921875,55040.19140625,160007000,False,True,True
2023-02-03,54049.05078125,54186.1015625,53737.609375,53833.73046875,183416400,False,False,False
2023-02-07,53335.51171875,54079.48828125,53238.140625,54001.55859375,195440800,False,False,False
2023-02-08,53125.01171875,53566.6484375,52578.03125,53276.7890625,165032900,False,False,False
2023-02-09,52801.4296875,53460.8984375,52684.640625,53229.6015625,134110600,False,False,False
2023-02-10,52482.01953125,52880.671875,52141.140625,52850.48828125,156046900,False,False,False
2023-02-13,53050.828125,53286.83984375,52473.6796875,52476.2890625,145585400,False,False,False
2023-02-14,52663.12109375,53395.80078125,52466.078125,53225.19921875,226066600,False,False,False
2023-02-15,53422.23828125,53486.51171875,52463.890625,52577.8984375,202987100,False,False,False
2023-02-16,54015.8203125,54143.609375,53327.0390625,53536.62890625,159906900,False,False,False
2023-02-17,53789.640625,53993.51171875,53483.73828125,53927.03125,151560000,False,False,False
2023-02-20,53908.55078125,54006.76953125,53823.33984375,53832.19140625,22508100,False,False,False
2023-02-21,53239.94921875,54087.19140625,52960.3203125,53882.390625,175824900,False,False,False
2023-02-22,53180.98828125,53448.44140625,52820.5,53266.9296875,187947000,False,False,False
2023-02-23,53085.7109375,53345.58984375,52789.078125,53274.140625,184956000,False,False,False
2023-02-24,52686.23828125,53055.6796875,52420.640625,53055.6796875,141885800,False,False,False
2023-02-27,53013.62109375,53195.55859375,52599.359375,52739.421875,129313000,False,False,False
2023-02-28,52758.05859375,53048.08984375,52495.859375,52964.671875,557285900,False,False,False
2023-03-01,53473.4609375,53717.140625,52658.55859375,52720.3984375,160010700,False,False,False
2023-03-02,53329.53125,53583.4296875,53014.73828125,53503.58984375,168720500,False,False,False
2023-03-03,54182.26953125,54409.37109375,53347.6015625,53381.21875,179820700,False,False,False
2023-03-06,53924.19140625,54326.109375,53889.69140625,54146.1015625,133175400,False,False,False
2023-03-07,53068.73046875,53902.62109375,53006.44140625,53892.01953125,191127900,False,False,False
2023-03-08,53388.66015625,53440.5,53067.3984375,53099.640625,128080500,False,False,False
2023-03-09,53426.76953125,53740.890625,53287.5,53390.05078125,185544000,False,False,False
2023-03-10,52794.53125,53507.140625,52716.9609375,53478.1796875,159728500,False,False,False
2023-03-13,53012.25,53615.078125,52227.171875,52788.2890625,185734500,False,False,False
2023-03-14,52691.66015625,53486.7109375,52644.23828125,53065.6796875,176792200,False,False,False
2023-03-15,52085.6015625,52689.3984375,51860.328125,52547.3203125,158520400,True,False,True
2023-03-16,52505.69921875,52876.44140625,52113.640625,52156.19140625,152652700,False,False,False
2023-03-17,51925.609375,52656.41015625,51814.6796875,52505.609375,786817800,True,False,True
2023-03-21,52652.6484375,52786.6796875,52131.37890625,52282.98046875,156817200,False,False,False
2023-03-22,52550.3984375,53019.2109375,52485.37109375,52670.640625,174005300,False,False,False
2023-03-23,52827.9296875,53089.109375,52556.1796875,52589.98046875,148945100,False,False,False
2023-03-24,52771.12109375,52938.25,52415.19140625,52691.03125,144755400,False,False,False
2023-03-27,52851.421875,53080.5390625,52740.78125,52792.75,154251700,False,False,False
2023-03-28,53209.1015625,53705.37890625,52807.48046875,52894.390625,168610900,False,False,False
2023-03-29,53882.94921875,53942.94921875,53202.53125,53259.37890625,179199200,False,False,False
2023-03-30,54198.94140625,54468.5703125,53874.98046875,53878.23828125,186356800,False,False,False
2023-03-31,53904.0,54604.0703125,53828.55859375,54233.25,242075000,False,False,False
2023-04-03,53896.3515625,54040.48046875,53611.26953125,54037.671875,84719200,False,False,False
2023-04-04,54176.01171875,54532.078125,53810.9296875,53913.1015625,97863900,False,False,False
2023-04-05,53498.390625,54230.66015625,53308.0703125,54171.16015625,73152200,False,False,False
2023-04-10,54246.53125,54310.078125,53446.671875,53473.7109375,0,False,False,False
2023-04-11,54604.62890625,54775.80859375,53964.23828125,53964.23828125,162207200,False,False,False
2023-04-12,54333.12109375,54815.91015625,54072.69140625,54527.03125,152655400,False,False,False
2023-04-13,54695.78125,54908.53125,54336.30859375,54359.30859375,220218800,False,False,False
2023-04-14,54460.05859375,54862.5390625,54200.3203125,54748.53125,170784200,False,False,False
2023-04-17,54778.9296875,54858.73046875,54406.08984375,54444.6796875,199028600,False,False,False
2023-04-18,54385.51953125,54924.75,54293.76171875,54747.58984375,153784700,False,False,False
2023-04-19,54308.08984375,54637.41015625,54155.4609375,54300.9609375,191532900,False,False,False
2023-04-20,54293.7109375,54674.48046875,54227.30859375,54311.0,138852000,False,False,False
2023-04-21,54175.28125,54468.609375,53662.91015625,54451.7109375,172005600,False,False,False
2023-04-24,54713.69921875,54745.578125,54089.328125,54203.80078125,136716300,False,False,False
2023-04-25,54371.08984375,54734.12890625,54301.75,54569.69140625,134099200,False,False,False
2023-04-26,54023.3203125,54633.96875,53902.05078125,54356.359375,196553700,False,False,False
2023-04-27,54442.171875,54501.26171875,54020.609375,54079.5390625,159097300,False,False,False
2023-04-28,55121.21875,55178.62109375,54436.51953125,54453.5390625,241583200,True,False,True
2023-05-02,55179.4296875,55229.37890625,54689.359375,55059.26171875,248185000,False,False,False
2023-05-03,54947.01171875,55323.6484375,54919.7890625,55216.12890625,172724800,False,False,False
2023-05-04,54667.2109375,55264.6015625,54593.05859375,54971.4296875,158878300,False,False,False
2023-05-05,54937.390625,55047.8515625,54699.58984375,54747.83984375,206689500,False,False,False
2023-05-08,55033.12109375,55265.3984375,54843.21875,54989.640625,140876800,False,False,False
2023-05-09,55452.73046875,55497.828125,54899.359375,54959.828125,170680700,True,False,True
2023-05-10,55534.6796875,55626.51171875,55303.83984375,55378.41015625,187111800,False,False,False
2023-05-11,55014.16015625,55518.7890625,54852.2890625,55472.2109375,195598400,False,False,False
2023-05-12,54948.33984375,55290.41015625,54724.1796875,55009.359375,165219800,False,False,False
2023-05-15,55261.421875,55375.921875,54890.62890625,54993.48046875,174056800,False,False,False
2023-05-16,55180.96875,55589.71875,55136.1015625,55246.171875,183963200,False,False,False
2023-05-17,55067.37109375,55441.671875,55005.05859375,55309.01953125,172672200,False,False,False
2023-05-18,55263.109375,55290.7109375,54961.921875,55107.640625,175582500,False,False,False
2023-05-19,54296.05078125,55534.3203125,54244.7890625,55197.55078125,168179000,False,True,True
2023-05-22,53466.3203125,54746.26171875,53352.359375,54305.6796875,182836400,True,False,True
2023-05-23,53123.21875,53722.75,52997.3203125,53463.421875,183641600,True,False,True
2023-05-24,53393.3984375,53609.37890625,53146.140625,53483.1484375,212096500,False,False,False
2023-05-25,53744.6796875,53883.37890625,53159.359375,53356.76171875,214652400,False,False,False
2023-05-26,54025.44921875,54233.5703125,53288.1484375,53801.53125,202093800,False,False,False
2023-05-29,54212.671875,54347.8515625,53911.5703125,54002.6484375,156707500,False,False,False
2023-05-30,53341.8515625,54232.2890625,53105.30859375,54232.2890625,530814200,False,False,False
2023-05-31,52736.26171875,53499.69921875,52575.140625,53268.58984375,1385522200,False,False,False
2023-06-01,52724.03125,53134.859375,52687.4296875,52803.578125,236517300,False,False,False
2023-06-02,53232.7109375,53401.26171875,52777.4296875,52791.890625,223672700,False,False,False
2023-06-05,53536.05078125,53649.578125,53238.62890625,53262.26953125,137805700,False,False,False
2023-06-06,54432.19140625,54486.19140625,53578.23046875,53596.44921875,247761200,False,False,False
2023-06-07,54291.44140625,54712.08984375,54248.5,54487.19921875,261542000,False,False,False
2023-06-08,54338.1796875,54407.890625,53851.73828125,54064.0,226338000,False,False,False
2023-06-09,54512.140625,54796.94140625,54295.53125,54331.640625,211648900,False,False,False
2023-06-12,54278.12109375,54547.87890625,54187.0703125,54475.19140625,140883900,False,False,False
2023-06-13,54574.75,54611.9609375,54149.8984375,54347.28125,194688500,False,False,False
2023-06-14,55145.4296875,55182.30859375,54557.171875,54629.328125,316957900,False,False,False
2023-06-15,55344.25,55407.71875,54977.078125,55130.41015625,213576400,False,False,False
2023-06-16,54842.51171875,55337.69140625,54783.25,55172.6484375,642615800,False,False,False
2023-06-19,54931.05859375,55074.7890625,54887.328125,54953.8203125,29019400,False,False,False
2023-06-20,54365.6796875,54975.87890625,54286.62890625,54965.8984375,233328700,False,False,False
2023-06-21,54063.91015625,54353.0,53810.8515625,54334.171875,174711000,False,False,False
2023-06-22,53563.30859375,54031.83984375,53438.8515625,53998.80859375,143284400,False,False,False
2023-06-23,53341.91015625,53690.359375,53127.21875,53690.05859375,136728100,False,False,False
2023-06-26,53335.73828125,53506.078125,53262.75,53354.2890625,160594700,False,False,False
2023-06-27,53926.91015625,54008.03125,53212.73046875,53295.62109375,206317300,False,False,False
2023-06-28,53460.05859375,53991.3515625,53293.2109375,53914.171875,186447500,False,False,False
2023-06-29,53585.21875,53733.8515625,53370.8984375,53411.7109375,157071300,False,False,False
2023-06-30,53526.1015625,53778.98828125,53344.76953125,53667.96875,222472200,False,False,False
2023-07-03,54399.1015625,54476.66015625,53483.69140625,53536.94140625,88059600,False,False,False
2023-07-04,53930.859375,54501.578125,53863.859375,54408.078125,23253000,False,False,False
2023-07-05,54039.66015625,54099.859375,53710.390625,53945.5,183541100,False,False,False
2023-07-06,53407.69921875,54053.8203125,53117.58984375,54053.8203125,213520400,False,False,False
2023-07-07,53904.2890625,54128.640625,53266.69140625,53409.3203125,168034000,False,False,False
2023-07-10,53655.3515625,53991.75,53562.23828125,53991.75,133520600,False,False,False
2023-07-11,54138.140625,54189.51171875,53339.37890625,53636.9609375,173358400,False,False,False
2023-07-12,53956.7109375,54222.80078125,53855.41015625,54168.171875,237858800,False,False,False
2023-07-13,54244.01171875,54605.5,53972.94921875,54036.03125,190638300,False,False,False
2023-07-14,53770.80078125,54264.91015625,53704.55078125,54264.91015625,152709100,False,False,False
2023-07-17,53623.26953125,53934.890625,53409.859375,53652.12109375,98350000,False,False,False
2023-07-18,54036.26953125,54183.3515625,53479.44140625,53641.75,166021400,False,False,False
2023-07-19,53740.16015625,54333.01953125,53681.91015625,54060.44140625,206091900,False,False,False
2023-07-20,53561.37109375,53793.30078125,53436.1015625,53654.671875,127340300,False,False,False
2023-07-21,53702.16015625,53782.71875,53336.23828125,53336.23828125,138248100,False,False,False
2023-07-24,53518.91015625,53724.1015625,53329.96875,53701.4609375,247229800,False,False,False
2023-07-25,54013.578125,54097.23828125,53570.03125,53599.23046875,296826400,False,False,False
2023-07-26,54502.08984375,54544.1484375,53750.01953125,54077.37109375,217661200,True,False,True
2023-07-27,54753.390625,54895.25,54324.71875,54576.890625,269781500,True,False,True
2023-07-28,54945.26953125,55169.48828125,54593.16015625,54707.078125,200942200,True,False,True
2023-07-31,54819.05078125,55244.8203125,54717.55078125,54998.421875,202298400,False,False,False
2023-08-01,54210.62109375,54901.8984375,54154.7890625,54791.48046875,185015800,False,False,False
2023-08-02,53283.55859375,54185.828125,53206.26953125,54185.828125,223695000,False,False,False
2023-08-03,53445.08984375,53543.390625,53019.21875,53245.8203125,231549400,False,False,False
2023-08-04,53991.421875,54056.80859375,53397.171875,53492.30859375,178687600,False,False,False
2023-08-07,54032.828125,54151.28125,53761.7109375,54014.73828125,202503600,False,False,False
2023-08-08,53663.01953125,54063.140625,53341.71875,53914.19140625,219128700,False,False,False
2023-08-09,54220.73828125,54251.76171875,53633.73828125,53685.5390625,271649000,False,False,False
2023-08-10,53889.03125,54435.4296875,53709.078125,54212.7890625,179073400,False,False,False
2023-08-11,53242.16015625,53938.08984375,53171.01953125,53888.62109375,293772900,False,False,False
2023-08-14,53291.44140625,53474.69921875,52818.87890625,53244.421875,231353200,False,False,False
2023-08-15,53585.0703125,53732.41015625,53116.6015625,53222.1484375,236881000,False,False,False
2023-08-16,53827.7109375,53953.3515625,53488.8515625,53520.421875,334271000,False,False,False
2023-08-17,53201.44140625,53968.9609375,53173.109375,53891.71875,290456200,False,False,False
2023-08-18,53194.390625,53291.80859375,52610.140625,53134.69140625,160170800,False,False,False
2023-08-21,53109.76171875,53302.69140625,52681.109375,53286.2109375,186731100,False,False,False
2023-08-22,53127.9296875,53205.41015625,52935.421875,53163.62109375,208217800,False,False,False
2023-08-23,53635.33984375,53784.2890625,53099.3515625,53136.6015625,217799800,False,False,False
2023-08-24,53109.828125,53700.37890625,52881.71875,53617.671875,218952200,False,False,False
2023-08-25,53191.53125,53472.76953125,52881.6796875,52995.6484375,185115900,False,False,False
2023-08-28,53442.640625,53773.5,53193.8515625,53193.8515625,169203400,False,False,False
2023-08-29,54261.328125,54324.80078125,53342.19921875,53472.62890625,217468200,False,False,False
2023-08-30,54390.73828125,54604.19140625,54158.9296875,54262.8203125,310295900,False,False,False
2023-08-31,53020.98046875,54375.83984375,52875.80078125,54375.83984375,2341620200,False,True,True
2023-09-01,53145.359375,53661.62109375,53011.171875,53233.1484375,129619300,False,False,False
2023-09-04,53030.51953125,53317.3984375,52984.1796875,53161.609375,48500000,False,False,False
2023-09-05,52932.5,53227.80859375,52816.9296875,53057.609375,212425500,False,False,False
2023-09-06,52971.19140625,53112.3515625,52710.3203125,52930.2109375,220562100,False,False,False
2023-09-07,52482.96875,53100.46875,52454.44921875,53100.46875,169522600,False,False,False
2023-09-08,52505.109375,52604.76171875,52211.01953125,52442.41015625,204695700,False,False,False
2023-09-11,52267.48828125,52748.51171875,52236.25,52549.578125,166610600,False,False,False
2023-09-12,51860.44921875,52310.12890625,51814.23828125,52227.05859375,220832600,True,False,True
2023-09-13,51522.1796875,51867.30078125,51349.55859375,51832.62890625,267093600,True,False,True
2023-09-14,51755.6796875,51873.23828125,51519.37890625,51519.91015625,205584200,False,False,False
2023-09-15,51351.6015625,51737.62109375,51108.08984375,51737.62109375,998189100,False,False,False
2023-09-18,51685.30859375,51729.7109375,50961.140625,51452.58984375,150526800,False,False,False
2023-09-19,52219.76171875,52327.87890625,51507.8515625,51692.23828125,210624500,False,False,False
2023-09-20,52507.23046875,52904.0703125,52123.48828125,52226.76953125,233178000,False,False,False
2023-09-21,51954.01171875,52429.37890625,51886.19140625,52429.37890625,194911500,False,False,False
2023-09-22,51677.48046875,52036.28125,51637.44921875,51946.171875,172807800,False,False,False
2023-09-25,51367.4609375,51852.12109375,51329.6484375,51684.609375,240424600,False,False,False
2023-09-26,51107.80078125,51422.44921875,51068.8984375,51410.421875,213724500,False,False,False
2023-09-27,51427.26953125,51577.19921875,51180.75,51180.98046875,237887300,False,False,False
2023-09-28,51554.94921875,51743.87109375,51360.23828125,51386.23046875,204512600,False,False,False
2023-09-29,50874.98046875,51658.01171875,50783.0703125,51575.23828125,226957200,False,False,False
2023-10-02,51260.37109375,51281.33984375,50488.3515625,51001.7890625,152597800,False,False,False
2023-10-03,50366.390625,51305.9296875,50256.859375,51210.62890625,242148700,True,True,True
2023-10-04,50732.69140625,50776.96875,50158.37890625,50407.9296875,234531400,False,False,False
2023-10-05,49454.58984375,50444.75,48484.91015625,50444.75,273435300,True,True,True
2023-10-06,49666.5,49821.55078125,48775.94921875,49472.94921875,182618600,True,False,True
2023-10-09,49297.1484375,49658.390625,49020.25,49658.390625,158324400,True,False,True
2023-10-10,50289.859375,50427.12109375,49301.6484375,49301.6484375,200850400,False,True,True
2023-10-11,50344.73828125,50416.71875,50109.01953125,50293.37109375,229695000,False,False,False
2023-10-12,49745.16015625,50161.78125,49503.62890625,50156.921875,231171900,False,False,False
2023-10-13,49379.578125,49819.96875,49185.76953125,49769.890625,211550100,False,False,False
2023-10-16,49823.078125,50004.828125,49377.828125,49402.328125,131151500,False,False,False
2023-10-17,49666.01171875,49874.23828125,49507.609375,49733.5390625,192510900,False,False,False
2023-10-18,49274.78125,49670.6484375,49011.37890625,49543.8984375,339281500,False,False,False
2023-10-19,48804.609375,49314.9609375,48756.96875,49257.05078125,254330700,False,False,False
2023-10-20,48275.91015625,48886.98828125,48226.48046875,48809.12109375,214755400,False,False,False
2023-10-23,48197.87890625,48367.76171875,47765.05859375,48290.328125,160983200,False,False,False
2023-10-24,48278.80078125,48563.0703125,48204.80859375,48304.3984375,158358600,False,False,False
2023-10-25,48766.328125,48816.55078125,48228.9609375,48252.46875,181752700,False,False,False
2023-10-26,49182.37109375,49323.5390625,48626.76953125,48735.8203125,195448300,False,False,False
2023-10-27,48973.8515625,49609.328125,48887.62109375,49156.5,231123500,False,False,False
2023-10-30,49277.359375,49465.890625,48963.46875,48963.46875,190856700,False,False,False
2023-10-31,49061.87890625,49262.1796875,48807.3515625,49259.0,302061900,False,False,False
2023-11-01,49787.83984375,49899.421875,48976.859375,49051.921875,164928200,False,False,False
2023-11-03,51266.73046875,51926.51171875,50249.03125,50654.109375,235378400,True,True,True
2023-11-06,51633.62890625,52181.6484375,51127.3203125,51127.3203125,233795300,True,False,True
2023-11-07,51209.8515625,51710.26171875,50941.05078125,51487.69140625,244230200,False,False,False
2023-11-08,51016.30078125,51531.828125,50874.2109375,51279.78125,144881600,False,False,False
2023-11-09,51071.03125,51241.3515625,50812.140625,50977.921875,200702400,False,False,False
2023-11-10,51258.23828125,51329.46875,50977.23046875,51013.69140625,163797100,False,False,False
2023-11-13,51090.91015625,51336.5,51046.69921875,51216.26953125,169830400,False,False,False
2023-11-14,52511.37109375,52571.859375,51149.16015625,51149.16015625,216405300,False,True,True
2023-11-15,52796.46875,52916.828125,52454.44140625,52454.44140625,243861900,False,False,False
2023-11-16,52469.359375,52720.8515625,52310.05859375,52686.94140625,184817600,False,False,False
2023-11-17,52685.1015625,52832.01953125,52452.4609375,52471.73828125,141131300,False,False,False
2023-11-21,52504.2890625,52701.12890625,51986.83984375,52467.0,184119600,False,False,False
2023-11-22,52670.01171875,52862.5703125,52526.48046875,52560.12890625,147618900,False,False,False
2023-11-23,53059.5390625,53108.76171875,52738.19140625,52803.2890625,37636200,False,False,False
2023-11-24,52938.421875,53180.4609375,52568.5390625,52967.48046875,96360900,False,False,False
2023-11-27,52220.48828125,52919.8203125,52132.41015625,52919.8203125,199742200,False,False,False
2023-11-28,52359.0,52623.421875,52172.55859375,52184.12109375,197156600,False,False,False
2023-11-29,52792.80859375,52879.4296875,52253.58984375,52284.328125,198421400,False,False,False
2023-11-30,54060.01171875,54165.80859375,52683.37890625,52830.94140625,793435900,True,True,True
2023-12-01,53901.4296875,54088.83984375,53652.55859375,53955.7890625,183696900,False,False,False
2023-12-04,54053.62890625,54223.01953125,53764.28125,53924.37890625,227438800,False,False,False
2023-12-05,54120.91015625,54163.828125,53400.76171875,54094.3203125,250335400,False,False,False
2023-12-06,54100.37109375,54446.87890625,54017.05859375,54106.4296875,227010400,False,False,False
2023-12-07,54456.78125,54509.3984375,53970.44921875,54012.80859375,208628600,False,False,False
2023-12-08,54393.01171875,54574.109375,54042.48046875,54340.08984375,192868500,False,False,False
2023-12-11,54439.12109375,54604.078125,54143.75,54438.21875,191407600,False,False,False
2023-12-13,55167.859375,55250.078125,53933.30078125,54266.62890625,258658100,False,False,False
2023-12-14,57036.421875,57077.51953125,55346.46875,55346.46875,313194800,True,True,True
2023-12-15,57130.078125,57502.12109375,56723.23828125,57065.25,601094400,True,False,True
2023-12-18,57732.80859375,57910.55078125,56772.140625,57074.2109375,183221200,True,False,True
2023-12-19,57694.33984375,58338.3203125,57374.390625,57737.41015625,218941700,False,False,False
2023-12-20,56909.37109375,57826.890625,56811.44140625,57689.3515625,206219900,False,False,False
2023-12-21,57487.69921875,57599.91015625,56998.76953125,56998.76953125,109613500,False,False,False
2023-12-22,57313.46875,57694.8515625,57225.171875,57603.171875,93654100,False,False,False
2023-12-26,57745.7890625,57974.921875,57335.69921875,57356.30859375,51390900,False,False,False
2023-12-27,57554.46875,57914.05078125,57480.7890625,57647.5,76005000,False,False,False
2023-12-28,57464.421875,57806.421875,57218.578125,57577.83984375,56304100,False,False,False
2023-12-29,57386.25,57522.94921875,57178.46875,57475.390625,66550500,False,False,False
2024-01-02,56980.44140625,57456.80859375,56593.51171875,57456.80859375,70724900,False,False,False
2024-01-03,55726.640625,56996.26953125,55634.01171875,56996.26953125,98424800,False,True,True
2024-01-04,55406.9609375,55893.2890625,55203.98828125,55732.94921875,98384300,False,False,False
2024-01-05,56192.78125,56246.21875,55388.71875,55420.1015625,117230100,False,False,False
2024-01-08,56175.671875,56301.51953125,55908.1796875,56227.9296875,129022300,False,False,False
2024-01-09,55105.578125,56233.1484375,55073.3515625,56233.1484375,179710800,False,True,True
2024-01-10,55318.671875,55535.1484375,55029.48046875,55104.83984375,199388700,False,False,False
2024-01-11,55438.75,55612.30078125,55155.83984375,55313.9296875,169535700,False,False,False
2024-01-12,55607.0703125,55898.44140625,55461.23046875,55463.3203125,168914200,False,False,False
2024-01-15,55501.109375,55671.98046875,55435.75,55654.390625,17535400,False,False,False
2024-01-16,55124.578125,55641.7109375,55073.83984375,55504.0703125,222231500,False,False,False
2024-01-17,54711.69140625,55147.94140625,54367.171875,55147.94140625,265467800,False,False,False
2024-01-18,54707.890625,54823.0390625,54346.578125,54690.578125,206055900,False,False,False
2024-01-19,55452.1015625,55488.80078125,54499.4296875,54728.140625,213233300,False,False,False
2024-01-22,54667.609375,55434.1484375,54629.19140625,55418.1015625,185280700,False,False,False
2024-01-23,55502.8984375,55578.55078125,54751.66015625,54751.66015625,172481500,False,False,False
2024-01-24,55419.55078125,55908.1484375,55273.76953125,55564.1015625,241517100,False,False,False
2024-01-25,56160.0703125,56391.4609375,54968.55859375,55408.3203125,292610000,False,False,False
2024-01-26,56855.87890625,57164.078125,56178.7109375,56321.37890625,209368000,False,False,False
2024-01-29,57175.73046875,57229.3203125,56806.23046875,56813.73046875,214253500,True,False,True
2024-01-30,57537.140625,57612.01171875,56711.94140625,57151.1796875,265265700,True,False,True
2024-01-31,57372.76171875,57829.01171875,57051.87890625,57449.58984375,232735200,False,False,False
2024-02-01,57828.078125,58221.171875,57367.28125,57367.28125,178933700,False,False,False
2024-02-02,58226.76953125,58273.171875,57744.33984375,58012.87890625,166980800,True,False,True
2024-02-06,58645.421875,59015.3984375,57782.69921875,58271.75,266012200,True,False,True
2024-02-07,58711.87109375,59020.55078125,58382.76171875,58625.9296875,182573800,False,False,False
2024-02-08,57762.44140625,58856.23046875,57700.6015625,58856.23046875,251848900,False,False,False
2024-02-09,57327.5,57908.33984375,57287.33984375,57832.4296875,130498900,False,False,False
2024-02-12,57418.55078125,57802.23828125,57294.71875,57339.96875,173539100,False,False,False
2024-02-13,56906.98828125,57382.48046875,56812.640625,57277.7890625,168142700,False,False,False
2024-02-14,57248.46875,57318.62109375,56872.37890625,56872.37890625,202355300,False,False,False
2024-02-15,57251.890625,57612.69921875,57160.6015625,57216.578125,212858400,False,False,False
2024-02-16,57132.109375,57421.96875,56987.421875,57224.2109375,158971900,False,False,False
2024-02-19,57490.05078125,57567.390625,56804.671875,57205.05859375,34690500,False,False,False
2024-02-20,57227.671875,57602.2109375,57119.359375,57250.19921875,233605200,False,False,False
2024-02-21,57021.03125,57269.12890625,56782.80859375,57257.078125,197674400,False,False,False
2024-02-22,57148.73046875,57407.390625,56773.55078125,57024.26171875,207938900,False,False,False
2024-02-23,56659.80078125,57205.828125,56432.609375,57187.19921875,216265500,False,False,False
2024-02-26,56194.71875,56649.421875,56035.75,56649.421875,214213000,True,False,True
2024-02-27,56241.03125,56399.0703125,55915.87109375,56192.96875,217701900,False,False,False
2024-02-28,55350.609375,56268.98046875,55085.80078125,56233.828125,208760600,True,False,True
2024-02-29,55414.0,55719.8984375,55111.0,55375.19140625,506671300,False,False,False
2024-03-01,55536.3203125,55984.87109375,55184.8515625,55396.30078125,152945900,False,False,False
2024-03-04,55462.48828125,55852.78125,55411.08984375,55451.05078125,147751600,False,False,False
2024-03-05,55476.25,55647.30859375,55104.62109375,55450.03125,177401700,False,False,False
2024-03-06,55284.51171875,55757.23046875,55217.91015625,55464.05078125,163414700,False,False,False
2024-03-07,55049.48828125,55494.12109375,54978.640625,55305.7109375,168372600,False,False,False
2024-03-08,54935.98828125,55313.859375,54890.26171875,55134.62890625,134726600,False,False,False
2024-03-11,55076.12109375,55373.859375,54752.41015625,54876.609375,190194700,False,False,False
2024-03-12,54898.94921875,55199.6015625,54713.48046875,55145.2890625,203210800,False,False,False
2024-03-13,55848.71875,55881.671875,54853.51953125,54902.30859375,205029200,False,False,False
2024-03-14,56059.26171875,56427.4296875,55838.3203125,55838.3203125,226717800,False,False,False
2024-03-15,56228.3984375,56575.51171875,55855.16015625,56163.26171875,935202200,False,False,False
2024-03-19,55548.0703125,56137.1484375,55494.1015625,56137.1484375,194973900,False,False,False
2024-03-20,56618.01171875,56921.9609375,55416.19140625,55543.69921875,172304700,False,True,True
2024-03-21,56657.44140625,57015.8203125,56544.05078125,56715.25,197838300,False,False,False
2024-03-22,56610.5390625,56805.66015625,56517.3984375,56676.8203125,170059500,False,False,False
2024-03-25,56552.5390625,56820.30078125,56311.98828125,56565.109375,89283000,False,False,False
2024-03-26,57209.69921875,57422.25,56435.26953125,56634.8515625,125010900,True,False,True
2024-03-27,57369.01171875,57599.078125,57007.55078125,57182.859375,114250800,False,False,False
2024-04-01,57653.23046875,57726.8203125,57291.94921875,57423.51171875,165028800,False,False,False
2024-04-02,57581.80859375,57830.87890625,57235.58984375,57593.62109375,180753600,False,False,False
2024-04-03,57503.390625,58086.421875,57300.109375,57547.19140625,189285300,False,False,False
2024-04-04,57882.76171875,58219.5,57514.1796875,57539.46875,184739700,False,False,False
2024-04-05,58092.44140625,58227.83984375,57678.609375,57805.19140625,212252300,False,False,False
2024-04-08,57989.94140625,58192.3203125,57749.44140625,58021.66015625,154641800,False,False,False
2024-04-09,57571.1484375,58298.76953125,57492.05859375,58010.37109375,202213300,False,False,False
2024-04-10,56636.5390625,57541.859375,56374.62890625,57541.859375,210376200,False,False,False
2024-04-11,56830.3203125,56876.6484375,56485.9609375,56696.3203125,200968500,False,False,False
2024-04-12,56565.921875,57272.69921875,56497.87890625,56918.48046875,147838800,False,False,False
2024-04-15,55984.0,56709.12109375,55924.1015625,56536.46875,170645700,False,False,False
2024-04-16,55797.25,56148.0,55626.75,56009.73046875,225862900,False,False,False
2024-04-17,55415.69140625,56090.3203125,55383.25,55788.73828125,244258900,False,False,False
2024-04-18,55739.4296875,55941.62109375,55585.8203125,55597.7890625,208671900,False,False,False
2024-04-19,55862.8515625,56036.71875,55579.69140625,55811.19140625,138617600,False,False,False
2024-04-22,56551.8984375,56615.87890625,55771.55078125,55852.28125,183161700,False,False,False
2024-04-23,56633.75,56906.80078125,56300.359375,56564.578125,204292000,False,False,False
2024-04-24,56463.98828125,56827.01953125,56188.890625,56622.16015625,254687400,False,False,False
2024-04-25,57071.78125,57282.328125,56207.44921875,56619.08984375,264895300,False,False,False
2024-04-26,57833.8515625,58002.171875,56870.171875,57072.9609375,156980900,False,False,False
2024-04-29,57827.859375,58110.37109375,57512.6015625,57890.48828125,222976800,False,False,False
2024-04-30,56727.98046875,57835.5,56670.53125,57835.5,307132500,False,True,True
2024-05-02,56677.05078125,57021.78125,56607.30078125,56766.3984375,249952200,False,False,False
2024-05-03,57135.26171875,57258.41015625,56668.73828125,56706.23046875,175056100,False,False,False
2024-05-06,57282.94921875,57559.08984375,57127.03125,57204.53125,174095400,False,False,False
2024-05-07,57108.3203125,57445.98828125,56844.03125,57376.0703125,297798000,False,False,False
2024-05-08,57081.0,57249.76953125,56661.76171875,57055.51953125,263546300,False,False,False
2024-05-09,57846.078125,58063.078125,57001.53125,57118.140625,188272300,False,False,False
2024-05-10,57718.0390625,58090.25,57627.9609375,57836.58984375,215416700,False,False,False
2024-05-13,57731.12109375,58169.69140625,57664.12890625,57735.01171875,121761200,False,False,False
2024-05-14,57231.73828125,57896.1796875,57127.4609375,57890.03125,225449200,False,False,False
2024-05-15,57454.6484375,58135.03125,57283.05859375,57284.921875,174206100,False,False,False
2024-05-16,57462.171875,57721.48046875,57232.30859375,57388.2109375,188203100,False,False,False
2024-05-17,57583.078125,57847.37890625,57385.25,57506.48828125,109270500,False,False,False
2024-05-20,57393.28125,57725.8203125,57270.53125,57604.25,137307600,False,False,False
2024-05-21,56760.71875,57286.58984375,56638.1484375,57286.58984375,175206900,False,False,False
2024-05-22,56432.03125,56656.62890625,56148.62890625,56653.08984375,156403600,False,False,False
2024-05-23,55918.37890625,56407.03125,55857.91015625,56342.19921875,154664100,True,False,True
2024-05-24,55413.12109375,55908.6484375,55368.2109375,55860.94921875,148845700,True,False,True
2024-05-27,55452.87890625,55551.23828125,55120.48046875,55428.23828125,30726500,True,False,True
2024-05-28,55184.94921875,55526.26171875,55078.44140625,55452.80078125,153188600,True,False,True
2024-05-29,55212.640625,55458.4296875,54352.1484375,55120.55859375,247658800,False,False,False
2024-05-30,55352.55859375,55683.5703125,54768.3984375,55169.8984375,232591600,False,False,False
2024-05-31,55179.23828125,55588.19921875,54839.26171875,55253.5,755398300,False,False,False
2024-06-03,51807.55078125,55197.109375,51358.96875,54967.91015625,299888100,True,True,True
2024-06-04,53485.62109375,53683.23046875,51894.3203125,51894.3203125,339298300,False,True,True
2024-06-05,54410.51171875,54536.16015625,53306.80078125,53467.37109375,298596000,False,False,False
2024-06-06,54477.25,55730.30859375,54038.609375,54427.75,300812400,False,False,False
2024-06-07,52977.3203125,54788.3203125,52887.25,54477.62109375,281301700,False,True,True
2024-06-10,53122.578125,53652.3203125,52989.19921875,52989.19921875,209603900,False,False,False
2024-06-11,53134.05859375,53567.23828125,52624.87109375,53184.5390625,241229900,False,False,False
2024-06-12,52975.890625,53767.390625,52928.94140625,53220.08984375,257816700,False,False,False
2024-06-13,52275.6484375,53072.2109375,52209.609375,52978.19140625,212337200,False,False,False
2024-06-14,52222.94140625,52482.80859375,51872.12890625,52218.9296875,268209500,False,False,False
2024-06-17,52397.19921875,52438.78125,52000.76953125,52247.328125,170039700,False,False,False
2024-06-18,53191.25,53547.48828125,52271.75,52341.3203125,183424000,False,False,False
2024-06-19,53323.37109375,53389.80078125,53190.55859375,53220.37890625,32765100,False,False,False
2024-06-20,53333.03125,53414.1484375,52819.5390625,53202.6484375,204979100,False,False,False
2024-06-21,52788.5,53405.109375,52698.6796875,53370.23046875,1105858400,False,False,False
2024-06-24,52512.91015625,53136.73046875,52388.421875,52741.5390625,218204500,False,False,False
2024-06-25,52604.05078125,52690.1015625,51847.7109375,52472.3203125,273486500,False,False,False
2024-06-26,52468.01171875,52779.66015625,51993.921875,52630.44921875,298607100,False,False,False
2024-06-27,52310.9609375,52470.76953125,52082.76171875,52284.12109375,273035000,False,False,False
2024-06-28,52440.01953125,52780.3203125,51980.71875,52455.9296875,243725000,False,False,False
2024-07-01,52883.96875,53159.30078125,52452.44140625,52452.44140625,197511800,False,False,False
2024-07-02,51947.890625,53126.96875,51802.5,52842.66015625,264359400,False,True,True
2024-07-03,52796.26171875,53054.171875,52036.01953125,52057.26171875,139483800,False,False,False
2024-07-04,52654.8515625,52974.23828125,52572.78125,52817.55859375,20477300,False,False,False
2024-07-05,52333.16015625,52770.46875,52216.8984375,52703.12109375,167390100,False,False,False
2024-07-08,52907.69140625,53020.03125,52214.51171875,52227.48046875,217413400,False,False,False
2024-07-09,53331.80859375,53405.5703125,52838.62890625,52886.0703125,204901100,False,False,False
2024-07-10,54279.87890625,54342.26953125,53349.3515625,53409.8203125,248590500,True,False,True
2024-07-11,54422.58984375,54629.55078125,54281.1015625,54328.37890625,176982900,True,False,True
2024-07-12,54953.109375,55078.1484375,54205.109375,54398.609375,206531300,True,False,True
2024-07-15,54311.98828125,55120.421875,54243.08984375,54894.921875,177278000,False,False,False
2024-07-16,54378.19140625,54594.69140625,54068.80859375,54337.21875,208004700,False,False,False
2024-07-17,53744.78125,54448.48046875,53507.421875,54346.140625,237669200,False,False,False
2024-07-18,53043.0,54045.73046875,52919.1796875,53803.6015625,233238400,False,False,False
2024-07-19,53678.51953125,53793.1015625,52889.87890625,53048.37890625,131925200,False,False,False
2024-07-22,54006.921875,54161.078125,53575.12890625,53656.171875,280362400,False,False,False
2024-07-23,53707.73828125,54063.01171875,53539.33984375,53726.80859375,267716500,False,False,False
2024-07-24,53168.41015625,53941.5390625,53051.26171875,53651.359375,227583200,False,False,False
2024-07-25,52931.87109375,53300.48046875,52692.76171875,53085.109375,336606200,False,False,False
2024-07-26,52819.578125,53157.33984375,52559.26171875,52959.76171875,301551800,False,False,False
2024-07-29,52515.78125,53235.5703125,52438.44921875,52837.30078125,302616800,False,False,False
2024-07-30,52325.421875,52973.390625,52228.12109375,52574.9609375,292415800,False,False,False
2024-07-31,53136.83984375,53313.55859375,52279.6484375,52279.6484375,64213700,False,False,False
2024-08-01,52417.48046875,53138.53125,52302.7109375,53138.53125,315067500,False,False,False
2024-08-02,52242.37890625,52379.62109375,51734.41015625,52379.62109375,230931200,False,False,False
2024-08-05,51776.48046875,52124.55078125,51259.73046875,52047.16015625,167685900,False,False,False
2024-08-06,52399.62890625,52494.19921875,51834.23046875,51890.4296875,209484300,False,False,False
2024-08-07,52680.8984375,52935.55078125,52415.46875,52419.12109375,221599200,False,False,False
2024-08-08,52876.55078125,53116.73046875,52615.140625,52748.46875,182699900,False,False,False
2024-08-09,53051.5390625,53118.01171875,52771.58984375,52872.7109375,145598100,False,False,False
2024-08-12,53040.3515625,53165.08984375,52626.94140625,53085.62890625,156078100,False,False,False
2024-08-13,53674.19921875,53730.80078125,53185.16015625,53185.16015625,174800800,False,False,False
2024-08-14,53718.94921875,53787.78125,53399.19140625,53659.640625,208928500,False,False,False
2024-08-15,54264.921875,54311.7109375,53678.80078125,53678.80078125,186810600,False,False,False
2024-08-16,54083.78125,54343.28125,54005.98046875,54262.26953125,163832600,False,False,False
2024-08-19,54104.6796875,54293.12109375,54026.9296875,54026.9296875,132430500,False,False,False
2024-08-20,53991.05859375,54302.26953125,53820.87109375,54130.421875,178585400,False,False,False
2024-08-21,53864.73046875,54144.859375,53620.9609375,53979.30859375,221702300,False,False,False
2024-08-22,53316.19921875,54136.9296875,53273.12109375,53811.87109375,303743700,False,False,False
2024-08-23,53490.921875,53807.37109375,53341.53125,53368.1796875,245775900,False,False,False
2024-08-26,53171.30859375,53733.69140625,53107.859375,53436.98046875,211433800,False,False,False
2024-08-27,52474.30859375,53403.01171875,52457.73046875,53122.578125,200486300,False,False,False
2024-08-28,52439.87109375,52972.609375,52388.48046875,52500.0703125,239110300,False,False,False
2024-08-29,53138.9609375,53302.30859375,52476.8515625,52511.05078125,216583800,False,False,False
2024-08-30,52913.5,53102.08984375,52744.51953125,52945.71875,464816500,False,False,False
2024-09-02,52493.37890625,52737.12109375,52091.58984375,52133.890625,31027700,False,False,False
2024-09-03,51589.421875,52462.73828125,51507.48046875,52421.69921875,200061900,True,True,True
2024-09-04,51811.37109375,52232.51171875,51466.16015625,51571.671875,178945500,False,False,False
2024-09-05,51661.48046875,52149.44140625,51597.6484375,51791.8203125,194167800,False,False,False
2024-09-06,51083.44140625,51924.51953125,50912.96875,51727.4609375,147262100,True,False,True
2024-09-09,51136.05078125,51578.671875,51020.328125,51044.55859375,153374100,False,False,False
2024-09-10,50973.109375,51283.87109375,50790.23828125,51099.69921875,241346500,False,False,False
2024-09-11,51195.76171875,51318.328125,50782.109375,50990.3203125,238237900,False,False,False
2024-09-12,51999.73046875,52137.37890625,51158.2109375,51158.2109375,229945500,False,False,False
2024-09-13,52016.8515625,52431.6484375,51877.41015625,52005.6484375,141368600,False,False,False
2024-09-17,52273.53125,52796.48828125,51978.62890625,51978.62890625,203046700,False,False,False
2024-09-18,52582.890625,52783.80859375,52193.8515625,52350.3984375,144912400,False,False,False
2024-09-19,52918.0390625,53114.01171875,52636.69921875,52735.25,204810500,False,False,False
2024-09-20,52190.48046875,52913.12109375,52082.44921875,52913.12109375,899081100,False,False,False
2024-09-23,52422.23828125,52547.37890625,51895.921875,52231.9296875,202239000,False,False,False
2024-09-24,53653.94921875,53711.578125,52529.94140625,52529.94140625,279229500,True,True,True
2024-09-25,53190.9296875,53597.828125,53100.25,53496.73828125,221523300,False,False,False
2024-09-26,53590.51953125,54201.4609375,53052.69140625,53052.69140625,241227200,False,False,False
2024-09-27,52778.171875,53846.37109375,52722.21875,53540.23046875,234650300,False,False,False
2024-09-30,52477.30078125,52865.078125,52368.51171875,52854.8203125,246167800,False,False,False
2024-10-02,52199.66015625,52771.19921875,51654.609375,52324.6484375,312648600,False,False,False
2024-10-03,51674.5390625,52183.98828125,51507.51953125,52183.98828125,261782100,False,False,False
2024-10-04,52609.87109375,52984.359375,51731.62109375,51763.5390625,208825900,False,False,False
2024-10-07,52039.87109375,53067.01953125,51943.0,52587.76953125,178648000,False,False,False
2024-10-08,51764.640625,52095.76171875,51567.9609375,52085.0703125,242914100,False,False,False
2024-10-09,51869.140625,52409.5703125,51699.26953125,51799.48828125,198227500,False,False,False
2024-10-10,52391.2890625,52475.6015625,51741.7109375,51875.62890625,230013700,False,False,False
2024-10-11,52395.66015625,52529.26171875,52213.62109375,52485.19140625,154454300,False,False,False
2024-10-14,52000.58984375,52377.01171875,51864.78125,52375.5390625,199140900,False,False,False
2024-10-15,52377.78125,52410.30859375,51922.1484375,52010.75,251831300,False,False,False
2024-10-16,52483.62109375,52601.44921875,52212.01953125,52281.28125,249953300,False,False,False
2024-10-17,52463.66015625,52680.078125,52287.58984375,52392.21875,153665700,False,False,False
2024-10-18,53027.421875,53076.69140625,52354.140625,52510.921875,178429600,False,False,False
2024-10-21,52814.8203125,53141.5390625,52538.98828125,53054.25,144294000,False,False,False
2024-10-22,52368.69140625,52753.3203125,51877.3984375,52753.3203125,248595200,False,False,False
2024-10-23,52142.12890625,52506.6796875,51878.5703125,52183.12109375,206239900,False,False,False
2024-10-24,51795.55859375,52421.6484375,51543.171875,52175.859375,221584000,False,False,False
2024-10-25,51784.328125,52221.66015625,51743.2890625,51822.28125,201308500,False,False,False
2024-10-28,51816.30078125,51890.21875,51457.53125,51744.7890625,206401300,False,False,False
2024-10-29,51166.2890625,51911.30859375,51127.87890625,51760.37109375,210440700,True,False,True
2024-10-30,50877.23828125,51227.75,50803.5390625,51172.12890625,207690000,True,False,True
2024-10-31,50661.05078125,50942.30078125,50520.9609375,50821.73828125,250299800,True,False,True
2024-11-01,50622.390625,50886.76953125,50542.69921875,50688.26953125,151375500,False,False,False
2024-11-04,50882.5390625,51193.33984375,50446.33984375,50595.328125,140020400,False,False,False
2024-11-05,50831.51171875,50934.6484375,50253.87890625,50639.4296875,179682400,False,False,False
2024-11-06,51732.4609375,51812.7109375,49486.171875,50625.6015625,247299800,False,False,False
2024-11-07,52311.078125,52594.21875,51580.8515625,51800.51953125,254701500,False,False,False
2024-11-08,51845.171875,52028.2109375,51370.359375,51937.37890625,163291100,False,False,False
2024-11-11,51449.4296875,51907.05078125,51410.2890625,51765.41015625,156138300,False,False,False
2024-11-12,51096.640625,51514.3984375,50984.01171875,51492.62890625,170233500,False,False,False
2024-11-13,50747.62890625,51134.83984375,50706.109375,51074.859375,179935900,False,False,False
2024-11-14,50553.30859375,50905.0,50380.0,50790.58984375,198739000,False,False,False
2024-11-15,50469.3984375,50860.1015625,50321.76953125,50321.76953125,153069300,False,False,False
2024-11-19,50222.3984375,50759.37109375,50165.78125,50493.48046875,194469200,False,False,False
2024-11-20,50168.87890625,50368.1796875,49976.46875,50276.578125,221524100,False,False,False
2024-11-21,50174.640625,50593.8984375,50064.8515625,50099.44921875,234439800,False,False,False
2024-11-22,50430.01953125,50499.640625,49921.78125,50149.26953125,208581600,False,False,False
2024-11-25,50207.1796875,50931.28125,50136.55859375,50366.75,773789900,False,False,False
2024-11-26,49721.8515625,50298.8515625,49562.98828125,50135.859375,200052600,False,False,False
2024-11-27,49787.8203125,50098.078125,49600.03125,49690.48828125,218921000,False,False,False
2024-11-28,49941.26953125,50102.828125,49756.48046875,49812.08984375,40831100,False,False,False
2024-11-29,49812.640625,50406.66015625,49458.7890625,49748.6484375,159873700,False,False,False
2024-12-02,50414.171875,50610.8203125,49954.98046875,49954.98046875,216614800,False,False,False
2024-12-03,50828.05859375,51050.98046875,50400.1015625,50565.98046875,226628600,False,False,False
2024-12-04,51249.80078125,51370.12109375,50745.55859375,50828.46875,208061300,False,False,False
2024-12-05,51756.83984375,51912.2109375,51087.578125,51143.51171875,209957600,False,False,False
2024-12-06,51348.80078125,51819.76171875,51263.921875,51644.51953125,178103100,False,False,False
2024-12-09,52190.6796875,52291.890625,51370.390625,51417.9296875,192663100,True,False,True
2024-12-10,51377.28125,52207.76171875,51343.140625,52207.76171875,184825200,False,False,False
2024-12-11,51284.2109375,51433.078125,50975.48828125,51285.2890625,202300900,False,False,False
2024-12-13,51619.75,51717.640625,51043.6796875,51265.1796875,263266300,False,False,False
2024-12-16,50849.4296875,51639.94921875,50784.55859375,51626.66015625,240713500,False,False,False
2024-12-17,50500.33984375,50928.80859375,50371.26953125,50718.05078125,276368200,False,False,False
2024-12-18,49968.44140625,50636.8984375,49896.0703125,50414.44140625,208794600,False,False,False
2024-12-19,49254.46875,50657.9296875,49200.6015625,49919.58984375,176312900,False,False,False
2024-12-20,49586.2109375,49819.55859375,49174.44140625,49263.0390625,830185700,False,False,False
2024-12-23,49450.890625,49738.28125,49031.87890625,49530.78125,81066100,False,False,False
2024-12-24,49316.62109375,49668.7890625,49225.23046875,49449.23046875,30757200,False,False,False
2024-12-26,49535.578125,49622.5703125,49184.30078125,49303.2890625,65869500,False,False,False
2024-12-27,49290.578125,50209.69921875,49225.6015625,49527.98828125,94708800,False,False,False
2024-12-30,48837.71875,49309.94921875,48769.87890625,49298.890625,115169800,False,False,False
2024-12-31,49513.26953125,49663.62890625,48835.609375,48835.609375,80718100,False,False,False
2025-01-02,49765.19921875,50023.96875,49606.87890625,49606.87890625,87535300,False,False,False
2025-01-03,48957.23828125,49847.30859375,48878.3984375,49760.23828125,112782300,False,False,False
2025-01-06,49493.55859375,50131.3515625,49093.640625,49187.91015625,139872100,False,False,False
2025-01-07,50085.5,50259.109375,49567.76953125,49567.76953125,142173400,False,False,False
2025-01-08,49634.26171875,50114.7890625,49492.28125,50114.7890625,154747700,False,False,False
2025-01-09,49807.9609375,50609.890625,49639.51953125,49639.51953125,63313100,False,False,False
2025-01-10,49596.69921875,49953.7890625,49435.16015625,49734.96875,160536300,False,False,False
2025-01-13,49829.96875,49917.76953125,49320.01171875,49609.8203125,169265000,False,False,False
2025-01-14,49844.0,50183.609375,49754.0703125,49833.96875,187154900,False,False,False
2025-01-15,50242.83984375,50323.0,49905.51953125,49931.01171875,201696100,False,False,False
2025-01-16,49948.1484375,50379.28125,49888.578125,50314.8984375,199200100,False,False,False
2025-01-17,49940.890625,50434.73046875,49907.30859375,49963.640625,145650700,False,False,False
2025-01-20,50201.3203125,50317.41015625,49895.96875,49923.78125,48486800,False,False,False
2025-01-21,50450.26171875,50664.12890625,50104.3203125,50205.44921875,152784600,False,False,False
2025-01-22,50944.578125,51374.48828125,50214.78125,50517.078125,246763600,True,False,True
2025-01-23,51054.91015625,51324.75,50358.80078125,50989.19140625,201852500,True,False,True
2025-01-24,51357.30859375,51455.5390625,50999.0390625,51059.3984375,188988000,True,False,True
2025-01-27,51687.44921875,51874.6484375,51125.91015625,51173.41015625,141375900,True,False,True
2025-01-28,51535.9609375,51846.19140625,51393.0703125,51696.30859375,194650000,False,False,False
2025-01-29,51555.78125,51650.1015625,51022.671875,51487.55859375,176057000,False,False,False
2025-01-30,52050.25,52375.6484375,51589.62890625,51619.5390625,174076600,False,False,False
2025-01-31,51209.53125,52313.9609375,51080.87109375,52025.4296875,227881200,False,False,False
2025-02-04,51889.75,52074.55859375,51200.3984375,51407.23046875,255089100,False,False,False
2025-02-05,51570.19140625,52696.53125,51425.078125,51853.359375,239296000,False,False,False
2025-02-06,52674.7890625,52773.03125,51579.2890625,51579.2890625,260554400,False,True,True
2025-02-07,52817.75,52955.76171875,52603.6484375,52666.51171875,174281200,False,False,False
2025-02-10,52928.12109375,53378.0390625,52870.3984375,52883.23046875,202338600,False,False,False
2025-02-11,53451.640625,53579.94140625,52572.94140625,52901.19140625,204640300,False,False,False
2025-02-12,54065.71875,54234.6484375,53003.05078125,53340.2890625,242024100,True,False,True
2025-02-13,54160.109375,54440.37109375,53883.12890625,54046.33984375,205219300,False,False,False
2025-02-14,54077.94140625,54325.2109375,53948.5,54137.44140625,289621500,False,False,False
2025-02-17,54291.640625,54349.94921875,53762.359375,54068.05078125,25452300,False,False,False
2025-02-18,54476.73828125,54670.8515625,53972.1796875,54294.828125,170281000,False,False,False
2025-02-19,54096.51171875,54477.08984375,53977.421875,54426.578125,163857100,False,False,False
2025-02-20,54303.9296875,54506.94140625,53824.12109375,54118.4609375,136034500,False,False,False
2025-02-21,53738.75,54382.2109375,53462.8984375,54310.0,92877500,False,False,False
2025-02-24,53704.44921875,53980.44921875,53250.30078125,53784.44921875,153016300,False,False,False
2025-02-25,53050.328125,53771.51953125,52888.8515625,53771.51953125,225733300,False,False,False
2025-02-26,53296.7109375,53475.73828125,52830.828125,53090.25,237113000,False,False,False
2025-02-27,52607.609375,53446.3515625,52333.76171875,53434.3203125,239110200,False,False,False
2025-02-28,52325.73046875,52893.30078125,52235.21875,52665.44140625,484856000,False,False,False
2025-03-03,52081.58984375,53372.921875,52010.73828125,52259.48828125,177885000,False,False,False
2025-03-04,52384.71875,52690.73046875,50964.73046875,51938.91015625,262433700,False,False,False
2025-03-05,52709.3984375,52748.8515625,52276.75,52421.390625,200899400,False,False,False
2025-03-06,52816.4296875,53372.671875,52392.5390625,52709.19921875,245438200,False,False,False
2025-03-07,52839.62890625,52901.23046875,51839.1484375,52758.921875,190650400,False,False,False
2025-03-10,51726.87890625,52858.4609375,51389.671875,52858.4609375,194675000,False,True,True
2025-03-11,51510.6796875,51855.25,51159.3984375,51756.5,215530600,False,False,False
2025-03-12,52041.01171875,52122.21875,51305.140625,51526.87890625,232437300,False,False,False
2025-03-13,51877.12109375,52268.98046875,51798.69921875,52021.1015625,179916700,False,False,False
2025-03-14,52484.28125,52626.94921875,51983.0390625,51988.671875,226977800,False,False,False
2025-03-18,52773.3203125,53180.1015625,52598.48828125,52665.890625,200231400,False,False,False
2025-03-19,53060.76171875,53339.98828125,52677.03125,52747.05078125,213695800,False,False,False
2025-03-20,53100.828125,53163.80859375,52837.8515625,53093.80078125,193186400,False,False,False
2025-03-21,52672.421875,53167.69140625,52525.640625,53156.44140625,699295600,False,False,False
2025-03-24,52674.83984375,52994.03125,52599.94140625,52780.7890625,153630100,False,False,False
2025-03-25,53203.26171875,53283.3515625,52670.05859375,52670.05859375,186158900,False,False,False
2025-03-26,52806.890625,53270.671875,52729.12109375,53258.3984375,179878100,False,False,False
2025-03-27,53477.73828125,53539.859375,52691.21875,52782.8515625,210148600,False,False,False
2025-03-28,53172.96875,53573.30859375,52716.21875,53351.33984375,168304100,False,False,False
2025-03-31,52484.4296875,53068.6796875,52149.5,53068.6796875,195253200,False,False,False
2025-04-01,53337.8984375,53417.5,52284.6484375,52546.87109375,208022000,False,False,False
2025-04-02,53800.9296875,53853.48046875,53005.41015625,53235.80078125,173365200,False,False,False
2025-04-03,54089.28125,54874.9296875,53001.109375,53438.41015625,259297600,False,False,False
2025-04-04,51452.73046875,53818.01953125,51175.01171875,53818.01953125,168655800,False,True,True
2025-04-07,50458.3203125,51867.05078125,49799.28125,51313.69921875,464057500,True,True,True
2025-04-08,50316.58984375,51460.75,50174.078125,50675.25,338824800,True,False,True
2025-04-09,52527.671875,52721.890625,49874.0390625,50362.8515625,373032500,False,True,True
2025-04-10,51514.8203125,52531.26953125,51386.73046875,52531.26953125,266889500,False,True,True
2025-04-11,51498.8984375,52138.640625,51437.421875,51550.16015625,219863200,False,False,False
2025-04-14,52391.3515625,52814.69140625,51553.55859375,51553.55859375,173187400,False,False,False
2025-04-15,52643.0390625,52909.78125,52259.4296875,52328.7890625,177897600,False,False,False
2025-04-16,53018.5703125,53459.5703125,52590.76171875,52699.6796875,168232900,False,False,False
2025-04-21,53758.75,53878.359375,53117.44140625,53117.8203125,166886500,False,False,False
2025-04-22,54777.83984375,54833.671875,53665.03125,53665.03125,249716500,False,True,True
2025-04-23,55766.578125,56240.94921875,54846.48046875,54846.48046875,239655200,True,False,True
2025-04-24,56382.0,56730.62890625,55603.71875,55774.4609375,249950000,True,False,True
2025-04-25,56720.12109375,56842.66015625,56058.21875,56377.390625,217532100,False,False,False
2025-04-28,56980.12890625,57415.859375,56644.37109375,56804.87890625,193000200,False,False,False
2025-04-29,55613.4296875,57098.48046875,55505.2109375,56940.5703125,240938000,False,True,True
2025-04-30,56259.28125,56336.4609375,55241.51171875,55602.80078125,226957400,False,False,False
2025-05-02,55811.98828125,56314.16015625,55468.19140625,56302.80078125,187308500,False,False,False
2025-05-05,55835.98828125,56013.16015625,55405.87109375,55754.21875,111481900,False,False,False
2025-05-06,57349.828125,57456.01171875,55619.078125,55767.58984375,166331300,False,True,True
2025-05-07,57954.390625,58077.76953125,57062.94140625,57270.37890625,236411100,False,False,False
2025-05-08,56866.76171875,58392.6015625,56751.2890625,57949.3515625,204755600,False,True,True
2025-05-09,56551.1796875,57268.890625,56456.23828125,56771.0,178391500,False,False,False
2025-05-12,56765.578125,57215.87109375,55872.66015625,56985.19140625,157919700,False,False,False
2025-05-13,57357.5390625,57782.859375,56541.2890625,56773.03125,192326600,False,False,False
2025-05-14,57644.94140625,57710.05859375,57133.8515625,57421.5703125,186765600,False,False,False
2025-05-15,57959.71875,58113.53125,57179.19921875,57579.73046875,166967600,False,False,False
2025-05-16,57987.140625,58223.94140625,57685.8203125,57970.87890625,126627200,False,False,False
2025-05-19,58493.390625,58857.609375,57764.23828125,58016.73828125,174052700,False,False,False
2025-05-20,58311.1484375,58791.6484375,58250.98828125,58413.01171875,199140300,False,False,False
2025-05-21,58568.01171875,58632.23046875,58071.1015625,58276.0390625,172971700,False,False,False
2025-05-22,57894.8203125,58561.76953125,57795.6796875,58397.58984375,185193000,False,False,False
2025-05-23,58410.37109375,58492.08984375,57234.37890625,57707.6015625,166225100,False,False,False
2025-05-26,58459.16015625,58536.51953125,58225.859375,58337.46875,30513200,False,False,False
2025-05-27,58593.828125,59735.4296875,58324.5,58449.16015625,233318900,False,False,False
2025-05-28,58735.859375,58992.1796875,58409.80078125,58502.421875,217764500,False,False,False
2025-05-29,58614.41015625,59079.3203125,58565.87109375,58699.359375,168519600,False,False,False
2025-05-30,57841.69140625,58578.91015625,57796.140625,58562.80078125,544076100,False,False,False
2025-06-02,57705.48046875,58600.78125,57609.71875,57973.3984375,193378900,False,False,False
2025-06-03,57639.0703125,57866.94921875,57443.58984375,57696.609375,183189600,False,False,False
2025-06-04,57484.51953125,57941.05078125,57415.51171875,57568.12890625,198018300,False,False,False
2025-06-05,57777.48828125,57981.4609375,57487.80859375,57487.80859375,161668600,False,False,False
2025-06-06,58061.41015625,58157.2890625,57145.55859375,57704.12890625,154880900,False,False,False
2025-06-09,57813.37890625,58325.75,57748.98828125,58147.58984375,106858800,False,False,False
2025-06-10,58098.51171875,58173.9609375,57608.4296875,57686.73828125,162634800,False,False,False
2025-06-11,57767.328125,58431.078125,57728.03125,58064.578125,212579900,False,False,False
2025-06-12,57829.73828125,58098.58984375,57488.53125,57766.5703125,206129500,False,False,False
2025-06-13,57438.5703125,57726.421875,57156.48046875,57726.421875,169109300,False,False,False
2025-06-16,57046.8515625,57834.53125,56980.578125,57495.7109375,189202000,True,False,True
2025-06-17,56676.8203125,57119.28125,56539.26953125,56963.94140625,166601700,True,False,True
2025-06-18,56729.5703125,56945.12109375,56423.6484375,56635.26953125,169049100,False,False,False
2025-06-19,56068.16015625,56823.6015625,56018.55859375,56745.71875,32711700,True,False,True
2025-06-20,56264.69140625,56427.33984375,55920.25,56122.2109375,1128789100,False,False,False
2025-06-23,56080.05859375,56192.76171875,55603.76953125,56104.73828125,141476100,False,False,False
2025-06-24,56743.28125,56807.921875,56054.53125,56060.4609375,155703300,False,False,False
2025-06-25,56933.19140625,57076.078125,56630.5,56630.5,198069800,False,False,False
2025-06-26,57474.19140625,57620.71875,56681.9609375,56926.37109375,139118600,False,False,False
2025-06-27,57391.51171875,57901.21875,57318.0703125,57489.80859375,145717800,False,False,False
2025-06-30,57450.87890625,57886.6796875,57334.55078125,57336.0390625,171950600,False,False,False
2025-07-01,57813.8203125,57870.109375,57244.8515625,57446.30859375,154918300,False,False,False
2025-07-02,58346.71875,58452.078125,57806.25,57806.25,233051600,False,False,False
2025-07-03,57890.98828125,58680.87109375,57785.62890625,58313.6484375,153607400,False,False,False
2025-07-04,57977.76171875,58078.48828125,57852.87890625,57930.1015625,18755700,False,False,False
2025-07-07,57423.3984375,58062.859375,57342.87109375,58005.609375,129960800,False,False,False
2025-07-08,57183.3203125,57434.2890625,56821.69921875,57338.26953125,135810100,False,False,False
2025-07-09,56687.5390625,57232.98046875,56617.76953125,57159.71875,177519600,False,False,False
2025-07-10,56739.8984375,56809.7109375,56370.48828125,56660.33984375,164963200,False,False,False
2025-07-11,56593.6484375,56779.3515625,56100.69140625,56618.12109375,145037400,False,False,False
2025-07-14,56362.671875,56655.94140625,56085.23828125,56567.2890625,146742700,False,False,False
2025-07-15,56482.91015625,56716.55859375,56186.5,56405.55078125,185149100,False,False,False
2025-07-16,56503.0390625,56714.08984375,56368.19140625,56448.46875,176679300,False,False,False
2025-07-17,56714.921875,56864.03125,56358.33984375,56413.5,214690600,False,False,False
2025-07-18,56273.44921875,56798.078125,56190.609375,56724.73046875,169999000,False,False,False
2025-07-21,55841.30078125,56425.08984375,55738.828125,56325.890625,208490000,False,False,False
2025-07-22,55517.80859375,56020.859375,55287.8984375,55945.109375,249620700,False,False,False
2025-07-23,56478.8984375,56556.76953125,55689.6484375,55718.87109375,312979800,False,False,False
2025-07-24,57035.8984375,57091.23828125,56511.44140625,56713.078125,224596700,False,False,False
2025-07-25,57323.140625,57358.078125,56772.58984375,56960.37109375,147271700,False,False,False
2025-07-28,57083.55859375,57369.62109375,56608.03125,57369.62109375,187572600,False,False,False
2025-07-29,57820.78125,57961.2890625,56566.25,57052.1015625,162399600,False,False,False
2025-07-30,57395.8515625,57959.6015625,57207.8984375,57787.8515625,187189000,False,False,False
2025-07-31,57397.9296875,57693.44921875,57091.1484375,57280.58984375,194415200,False,False,False
2025-08-01,56900.0703125,57485.5703125,56721.55078125,57485.5703125,142620500,False,False,False
2025-08-04,56650.26171875,56934.80859375,56486.859375,56851.8984375,168528200,False,False,False
2025-08-05,57071.55859375,57156.1015625,56545.6796875,56545.6796875,132849500,False,False,False
2025-08-06,57154.21875,57692.37109375,57021.37890625,57021.37890625,151734500,False,False,False
2025-08-07,58260.87890625,58301.7109375,57102.2109375,57102.2109375,169427900,True,True,True
2025-08-08,58070.171875,58496.3984375,58028.48828125,58264.078125,110022800,False,False,False
2025-08-11,58342.87109375,58441.1796875,58021.359375,58034.359375,135637600,False,False,False
2025-08-12,58675.0390625,58828.46875,58233.171875,58303.44140625,162638000,False,False,False
2025-08-13,58477.5703125,58847.2109375,58341.01953125,58661.46875,163130300,False,False,False
2025-08-14,58167.26953125,58405.91015625,57922.421875,58334.0,100882500,False,False,False
2025-08-15,58320.48046875,58541.328125,58117.0,58117.0,91076800,False,False,False
2025-08-18,58319.69921875,58486.28125,58028.55859375,58378.87109375,131255300,False,False,False
2025-08-19,58462.7890625,58534.62890625,58209.41015625,58224.28125,138750100,False,False,False
2025-08-20,58221.46875,58565.58984375,58124.25,58436.44921875,114319600,False,False,False
2025-08-21,58663.96875,58838.8203125,58169.859375,58169.859375,210627500,False,False,False
2025-08-22,59225.48046875,59399.71875,58564.05078125,58598.1484375,278168900,False,False,False
2025-08-25,58492.12890625,59250.2109375,58400.12890625,59242.390625,130126700,False,False,False
2025-08-26,58132.3984375,58623.4609375,58058.01171875,58504.21875,370248900,False,False,False
2025-08-27,58647.51953125,58699.37109375,57623.87109375,58138.3203125,178606200,False,False,False
2025-08-28,59151.6796875,59421.609375,58531.28125,58663.98828125,159754300,False,False,False
2025-08-29,58708.859375,59256.859375,58670.5703125,59218.578125,174166900,False,False,False
2025-09-01,58865.03125,58982.75,58398.75,58670.2890625,21556400,False,False,False
2025-09-02,59747.87890625,59822.80859375,58503.8984375,58949.48828125,159097300,True,False,True
2025-09-03,59651.5703125,60120.44140625,59449.94921875,59735.03125,191416200,True,False,True
2025-09-04,59867.62109375,59937.23828125,59331.23046875,59659.48046875,175744200,True,False,True
2025-09-05,60479.76171875,60560.44140625,59954.9296875,59954.9296875,186046700,True,False,True
2025-09-08,60649.76171875,60684.3515625,60199.83984375,60489.140625,175925500,True,False,True
2025-09-09,60679.53125,60820.859375,60447.12890625,60688.05859375,172272600,False,False,False
2025-09-10,60489.19140625,60987.3515625,60431.62890625,60643.140625,156040900,False,False,False
2025-09-11,61553.578125,61886.12109375,60605.3203125,60686.62890625,201091300,True,False,True
2025-09-12,61798.94140625,61941.98828125,61535.9609375,61596.890625,157237100,True,False,True
2025-09-15,62102.12890625,62252.12890625,61730.359375,61894.8515625,134046500,False,False,False
2025-09-17,61596.23046875,62177.859375,61493.16015625,61926.2890625,217955800,False,False,False
2025-09-18,61323.94921875,61605.75,60860.08984375,61605.75,249209100,False,False,False
2025-09-19,61200.26953125,61680.69140625,61085.4609375,61301.21875,1099809700,False,False,False
2025-09-22,62004.109375,62051.33984375,61102.76953125,61175.55859375,106765300,False,False,False
2025-09-23,62368.19140625,62453.19140625,61833.76171875,61983.80078125,158765000,False,False,False
2025-09-24,61905.94921875,62665.94140625,61689.640625,62484.140625,179966700,False,False,False
2025-09-25,61945.0390625,62273.9296875,61688.19140625,61796.62890625,133100900,False,False,False
2025-09-26,62307.0703125,62548.58984375,61899.73046875,61914.69921875,151682200,False,False,False
2025-09-29,62610.12109375,62962.9296875,62274.62890625,62274.62890625,160834900,False,False,False
2025-09-30,62915.5703125,63128.53125,62397.58984375,62521.05859375,271752100,False,False,False
2025-10-01,61929.71875,63182.58984375,61710.578125,62946.16015625,174385300,False,False,False
2025-10-02,62220.30859375,62290.1015625,61184.80859375,61947.1484375,166009500,False,False,False
2025-10-03,61984.4296875,62521.921875,61774.12109375,62132.5,135294700,False,False,False
2025-10-06,60404.19140625,60933.921875,60110.48046875,60749.6484375,143999600,False,True,True
2025-10-07,60215.75,60828.421875,60155.69140625,60414.48828125,131557600,False,False,False
2025-10-08,60888.55859375,60930.9296875,60178.2890625,60178.2890625,145654300,False,False,False
2025-10-09,60819.30859375,61274.75,60388.66015625,60931.1015625,169959500,False,False,False
2025-10-10,60568.9296875,61160.671875,60455.3203125,60869.44140625,160808600,False,False,False
2025-10-13,61045.08984375,61471.69921875,60678.03125,60808.0,99915000,False,False,False
2025-10-14,60785.62109375,61044.140625,60698.98828125,60967.3203125,166807300,False,False,False
2025-10-15,61637.5390625,61716.7109375,60927.26953125,60927.26953125,298666600,False,False,False
2025-10-16,62544.55859375,62920.80078125,61611.328125,61652.44921875,161659600,False,False,False
2025-10-17,61743.921875,62501.48828125,61482.91015625,62501.48828125,178466800,False,False,False
2025-10-20,61672.3515625,62086.51953125,61159.05078125,61871.328125,139130800,False,False,False
2025-10-21,60773.78125,61582.890625,60599.1015625,61582.890625,147256700,False,False,False
2025-10-22,61308.19921875,61391.53125,60695.23828125,60779.03125,147366900,False,False,False
2025-10-23,61541.2890625,61643.03125,60983.55859375,61299.12109375,146722948,False,False,False
